id,created,isPublic,isSliced,isEncrypted,name,url,provider,region,sizeBytes,tags,maxAgeDays,runId,runIds,creatorToken
214729530,2020-12-11T15:10:02+0100,False,False,True,in.c_ex_api_generic_kbc_components.components_all.csv.gz,https://kbc-sapi-eu-central-1-file-storage-s3filesbucket-1953a0v488q2m.s3.eu-central-1.amazonaws.com/exp-15/2466/files/2020/12/11/214729530.in.c_ex_api_generic_kbc_components.components_all.csv.gz?X-Amz-Content-Sha256=UNSIGNED-PAYLOAD&X-Amz-Algorithm=AWS4-HMAC-SHA256&X-Amz-Credential=AKIASE4SHFLWSV46UKVS%2F20210120%2Feu-central-1%2Fs3%2Faws4_request&X-Amz-Date=20210120T181601Z&X-Amz-SignedHeaders=host&X-Amz-Expires=3600&X-Amz-Signature=07b3f09e730f90cd8486d662bc41379fa6853f015dc8bff5620516c8f50057c2,aws,eu-central-1,34399,['storage-merged-export'],15,214729480.0,['214729480'],"{'id': 80196, 'description': 'jan.spacir@gmail.com'}"
214729496,2020-12-11T15:09:55+0100,False,True,True,in.c-ex-api-generic-kbc-components.components-all.csv,https://kbc-sapi-eu-central-1-file-storage-s3filesbucket-1953a0v488q2m.s3.eu-central-1.amazonaws.com/exp-2/2466/table-exports/in/c-ex-api-generic-kbc-components/components-all/214729490.csvmanifest?X-Amz-Content-Sha256=UNSIGNED-PAYLOAD&X-Amz-Algorithm=AWS4-HMAC-SHA256&X-Amz-Credential=AKIASE4SHFLWSV46UKVS%2F20210120%2Feu-central-1%2Fs3%2Faws4_request&X-Amz-Date=20210120T181601Z&X-Amz-SignedHeaders=host&X-Amz-Expires=3600&X-Amz-Signature=c44c4447e0e967c4a454e6a5b17c73f5b8324afc31d8218c668e77f3e4601a94,aws,eu-central-1,171841,['table-export'],2,214729480.0,['214729480'],"{'id': 80196, 'description': 'jan.spacir@gmail.com'}"
213797049,2020-12-09T12:31:26+0100,False,True,True,in.c-kds-team-ex-kbc-project-metadata-v2-186269932.waiting-jobs.csv.gz,https://kbc-sapi-eu-central-1-file-storage-s3filesbucket-1953a0v488q2m.s3.eu-central-1.amazonaws.com/exp-2/2466/table-exports/in/c-kds-team-ex-kbc-project-metadata-v2-186269932/waiting-jobs/213797044.csv.gzmanifest?X-Amz-Content-Sha256=UNSIGNED-PAYLOAD&X-Amz-Algorithm=AWS4-HMAC-SHA256&X-Amz-Credential=AKIASE4SHFLWSV46UKVS%2F20210120%2Feu-central-1%2Fs3%2Faws4_request&X-Amz-Date=20210120T181601Z&X-Amz-SignedHeaders=host&X-Amz-Expires=3600&X-Amz-Signature=2a3096a99e8187b765095459d6c53b7c95e50b09206076e327cc52192360b99f,aws,eu-central-1,495,['table-export'],2,1526.213793831,"['1526.213793831', '1528.213800952', '1628.214218670', '2048.214242598', '2052.214245931']","{'id': 93447, 'description': 'migrationtest01'}"
213797023,2020-12-09T12:31:20+0100,False,True,True,in.c-kds-team-ex-kbc-project-metadata-v2-186269932.triggers-tables.csv.gz,https://kbc-sapi-eu-central-1-file-storage-s3filesbucket-1953a0v488q2m.s3.eu-central-1.amazonaws.com/exp-2/2466/table-exports/in/c-kds-team-ex-kbc-project-metadata-v2-186269932/triggers-tables/213797007.csv.gzmanifest?X-Amz-Content-Sha256=UNSIGNED-PAYLOAD&X-Amz-Algorithm=AWS4-HMAC-SHA256&X-Amz-Credential=AKIASE4SHFLWSV46UKVS%2F20210120%2Feu-central-1%2Fs3%2Faws4_request&X-Amz-Date=20210120T181601Z&X-Amz-SignedHeaders=host&X-Amz-Expires=3600&X-Amz-Signature=4d4d95bb1224481e79ca06a523517499ae03ef4cadd295211e40e1cb57cc93ac,aws,eu-central-1,14,['table-export'],2,1526.213793831,"['1526.213793831', '1528.213800952', '1628.214218670', '2048.214242598', '2052.214245931']","{'id': 93447, 'description': 'migrationtest01'}"
213796997,2020-12-09T12:31:17+0100,False,True,True,in.c-kds-team-ex-kbc-project-metadata-v2-186269932.triggers.csv.gz,https://kbc-sapi-eu-central-1-file-storage-s3filesbucket-1953a0v488q2m.s3.eu-central-1.amazonaws.com/exp-2/2466/table-exports/in/c-kds-team-ex-kbc-project-metadata-v2-186269932/triggers/213796988.csv.gzmanifest?X-Amz-Content-Sha256=UNSIGNED-PAYLOAD&X-Amz-Algorithm=AWS4-HMAC-SHA256&X-Amz-Credential=AKIASE4SHFLWSV46UKVS%2F20210120%2Feu-central-1%2Fs3%2Faws4_request&X-Amz-Date=20210120T181601Z&X-Amz-SignedHeaders=host&X-Amz-Expires=3600&X-Amz-Signature=0695bf00851dc7bd03b92e3c70114eb824cb04e1a6550fa231cde54418d87578,aws,eu-central-1,363,['table-export'],2,1526.213793831,"['1526.213793831', '1528.213800952', '1628.214218670', '2048.214242598', '2052.214245931']","{'id': 93447, 'description': 'migrationtest01'}"
213796984,2020-12-09T12:31:15+0100,False,True,True,in.c-kds-team-ex-kbc-project-metadata-v2-186269932.transformations-queries.csv.gz,https://kbc-sapi-eu-central-1-file-storage-s3filesbucket-1953a0v488q2m.s3.eu-central-1.amazonaws.com/exp-2/2466/table-exports/in/c-kds-team-ex-kbc-project-metadata-v2-186269932/transformations-queries/213796976.csv.gzmanifest?X-Amz-Content-Sha256=UNSIGNED-PAYLOAD&X-Amz-Algorithm=AWS4-HMAC-SHA256&X-Amz-Credential=AKIASE4SHFLWSV46UKVS%2F20210120%2Feu-central-1%2Fs3%2Faws4_request&X-Amz-Date=20210120T181601Z&X-Amz-SignedHeaders=host&X-Amz-Expires=3600&X-Amz-Signature=7e925cc907ffeacae32f72289f0a3b96e7bb1944286996d0bfbebe5ee8e386db,aws,eu-central-1,4369,['table-export'],2,1526.213793831,"['1526.213793831', '1528.213800952', '1628.214218670', '2048.214242598', '2052.214245931']","{'id': 93447, 'description': 'migrationtest01'}"
213796946,2020-12-09T12:31:09+0100,False,True,True,in.c-kds-team-ex-kbc-project-metadata-v2-186269932.transformations-outputs.csv.gz,https://kbc-sapi-eu-central-1-file-storage-s3filesbucket-1953a0v488q2m.s3.eu-central-1.amazonaws.com/exp-2/2466/table-exports/in/c-kds-team-ex-kbc-project-metadata-v2-186269932/transformations-outputs/213796930.csv.gzmanifest?X-Amz-Content-Sha256=UNSIGNED-PAYLOAD&X-Amz-Algorithm=AWS4-HMAC-SHA256&X-Amz-Credential=AKIASE4SHFLWSV46UKVS%2F20210120%2Feu-central-1%2Fs3%2Faws4_request&X-Amz-Date=20210120T181601Z&X-Amz-SignedHeaders=host&X-Amz-Expires=3600&X-Amz-Signature=16ad125ab6bb44ad88af219ce7fa36d199576f4f424cde482a828b28266fee5d,aws,eu-central-1,463,['table-export'],2,1526.213793831,"['1526.213793831', '1528.213800952', '1628.214218670', '2048.214242598', '2052.214245931']","{'id': 93447, 'description': 'migrationtest01'}"
213796890,2020-12-09T12:31:04+0100,False,True,True,in.c-kds-team-ex-kbc-project-metadata-v2-186269932.transformations-inputs-metadata.csv.gz,https://kbc-sapi-eu-central-1-file-storage-s3filesbucket-1953a0v488q2m.s3.eu-central-1.amazonaws.com/exp-2/2466/table-exports/in/c-kds-team-ex-kbc-project-metadata-v2-186269932/transformations-inputs-metadata/213796855.csv.gzmanifest?X-Amz-Content-Sha256=UNSIGNED-PAYLOAD&X-Amz-Algorithm=AWS4-HMAC-SHA256&X-Amz-Credential=AKIASE4SHFLWSV46UKVS%2F20210120%2Feu-central-1%2Fs3%2Faws4_request&X-Amz-Date=20210120T181601Z&X-Amz-SignedHeaders=host&X-Amz-Expires=3600&X-Amz-Signature=702a9e20711ef669ac28102a3bd0fc6e94b16cb6143c2caaa9803357a12c5687,aws,eu-central-1,7809,['table-export'],2,1526.213793831,"['1526.213793831', '1528.213800952', '1628.214218670', '2048.214242598', '2052.214245931']","{'id': 93447, 'description': 'migrationtest01'}"
213796849,2020-12-09T12:31:00+0100,False,True,True,in.c-kds-team-ex-kbc-project-metadata-v2-186269932.transformations-inputs.csv.gz,https://kbc-sapi-eu-central-1-file-storage-s3filesbucket-1953a0v488q2m.s3.eu-central-1.amazonaws.com/exp-2/2466/table-exports/in/c-kds-team-ex-kbc-project-metadata-v2-186269932/transformations-inputs/213796843.csv.gzmanifest?X-Amz-Content-Sha256=UNSIGNED-PAYLOAD&X-Amz-Algorithm=AWS4-HMAC-SHA256&X-Amz-Credential=AKIASE4SHFLWSV46UKVS%2F20210120%2Feu-central-1%2Fs3%2Faws4_request&X-Amz-Date=20210120T181601Z&X-Amz-SignedHeaders=host&X-Amz-Expires=3600&X-Amz-Signature=e7d2fa3a5a5c5008edd62d7866b33696bf56136565a9ee7b11e57f53c28dce07,aws,eu-central-1,1439,['table-export'],2,1526.213793831,"['1526.213793831', '1528.213800952', '1628.214218670', '2048.214242598', '2052.214245931']","{'id': 93447, 'description': 'migrationtest01'}"
213796841,2020-12-09T12:30:58+0100,False,True,True,in.c-kds-team-ex-kbc-project-metadata-v2-186269932.transformations-buckets.csv.gz,https://kbc-sapi-eu-central-1-file-storage-s3filesbucket-1953a0v488q2m.s3.eu-central-1.amazonaws.com/exp-2/2466/table-exports/in/c-kds-team-ex-kbc-project-metadata-v2-186269932/transformations-buckets/213796833.csv.gzmanifest?X-Amz-Content-Sha256=UNSIGNED-PAYLOAD&X-Amz-Algorithm=AWS4-HMAC-SHA256&X-Amz-Credential=AKIASE4SHFLWSV46UKVS%2F20210120%2Feu-central-1%2Fs3%2Faws4_request&X-Amz-Date=20210120T181601Z&X-Amz-SignedHeaders=host&X-Amz-Expires=3600&X-Amz-Signature=8b727a1cf190a2a6d25b1cc5c927ba95cabf8f440995fc550860c24965788ed0,aws,eu-central-1,691,['table-export'],2,1526.213793831,"['1526.213793831', '1528.213800952', '1628.214218670', '2048.214242598', '2052.214245931']","{'id': 93447, 'description': 'migrationtest01'}"
213796816,2020-12-09T12:30:52+0100,False,True,True,in.c-kds-team-ex-kbc-project-metadata-v2-186269932.transformations.csv.gz,https://kbc-sapi-eu-central-1-file-storage-s3filesbucket-1953a0v488q2m.s3.eu-central-1.amazonaws.com/exp-2/2466/table-exports/in/c-kds-team-ex-kbc-project-metadata-v2-186269932/transformations/213796802.csv.gzmanifest?X-Amz-Content-Sha256=UNSIGNED-PAYLOAD&X-Amz-Algorithm=AWS4-HMAC-SHA256&X-Amz-Credential=AKIASE4SHFLWSV46UKVS%2F20210120%2Feu-central-1%2Fs3%2Faws4_request&X-Amz-Date=20210120T181601Z&X-Amz-SignedHeaders=host&X-Amz-Expires=3600&X-Amz-Signature=b69524347f59f73e6467b81e4a66ceb6aa32fd4cd4a775aa65ea2c001817b256,aws,eu-central-1,1173,['table-export'],2,1526.213793831,"['1526.213793831', '1528.213800952', '1628.214218670', '2048.214242598', '2052.214245931']","{'id': 93447, 'description': 'migrationtest01'}"
213796763,2020-12-09T12:30:46+0100,False,True,True,in.c-kds-team-ex-kbc-project-metadata-v2-186269932.tokens-last-events.csv.gz,https://kbc-sapi-eu-central-1-file-storage-s3filesbucket-1953a0v488q2m.s3.eu-central-1.amazonaws.com/exp-2/2466/table-exports/in/c-kds-team-ex-kbc-project-metadata-v2-186269932/tokens-last-events/213796753.csv.gzmanifest?X-Amz-Content-Sha256=UNSIGNED-PAYLOAD&X-Amz-Algorithm=AWS4-HMAC-SHA256&X-Amz-Credential=AKIASE4SHFLWSV46UKVS%2F20210120%2Feu-central-1%2Fs3%2Faws4_request&X-Amz-Date=20210120T181601Z&X-Amz-SignedHeaders=host&X-Amz-Expires=3600&X-Amz-Signature=bb3e79aaaf1b9c11441d49027b337dc13dee3e21ef908ec87346756ba572f691,aws,eu-central-1,2582,['table-export'],2,1526.213793831,"['1526.213793831', '1528.213800952', '1628.214218670', '2048.214242598', '2052.214245931']","{'id': 93447, 'description': 'migrationtest01'}"
213796727,2020-12-09T12:30:39+0100,False,True,True,in.c-kds-team-ex-kbc-project-metadata-v2-186269932.tokens.csv.gz,https://kbc-sapi-eu-central-1-file-storage-s3filesbucket-1953a0v488q2m.s3.eu-central-1.amazonaws.com/exp-2/2466/table-exports/in/c-kds-team-ex-kbc-project-metadata-v2-186269932/tokens/213796720.csv.gzmanifest?X-Amz-Content-Sha256=UNSIGNED-PAYLOAD&X-Amz-Algorithm=AWS4-HMAC-SHA256&X-Amz-Credential=AKIASE4SHFLWSV46UKVS%2F20210120%2Feu-central-1%2Fs3%2Faws4_request&X-Amz-Date=20210120T181601Z&X-Amz-SignedHeaders=host&X-Amz-Expires=3600&X-Amz-Signature=88ed1fb42719c2eaa6c48239d7f5e88385039ac570740a94ddb5db55df080530,aws,eu-central-1,2217,['table-export'],2,1526.213793831,"['1526.213793831', '1528.213800952', '1628.214218670', '2048.214242598', '2052.214245931']","{'id': 93447, 'description': 'migrationtest01'}"
213796698,2020-12-09T12:30:33+0100,False,True,True,in.c-kds-team-ex-kbc-project-metadata-v2-186269932.tables-metadata.csv.gz,https://kbc-sapi-eu-central-1-file-storage-s3filesbucket-1953a0v488q2m.s3.eu-central-1.amazonaws.com/exp-2/2466/table-exports/in/c-kds-team-ex-kbc-project-metadata-v2-186269932/tables-metadata/213796681.csv.gzmanifest?X-Amz-Content-Sha256=UNSIGNED-PAYLOAD&X-Amz-Algorithm=AWS4-HMAC-SHA256&X-Amz-Credential=AKIASE4SHFLWSV46UKVS%2F20210120%2Feu-central-1%2Fs3%2Faws4_request&X-Amz-Date=20210120T181601Z&X-Amz-SignedHeaders=host&X-Amz-Expires=3600&X-Amz-Signature=64e0849f76da2fed60f28fc65ad6787029159e1e47c05835c7a1a2225b090cc2,aws,eu-central-1,6189,['table-export'],2,1526.213793831,"['1526.213793831', '1528.213800952', '1628.214218670', '2048.214242598', '2052.214245931']","{'id': 93447, 'description': 'migrationtest01'}"
213796642,2020-12-09T12:30:27+0100,False,True,True,in.c-kds-team-ex-kbc-project-metadata-v2-186269932.tables-columns-metadata.csv.gz,https://kbc-sapi-eu-central-1-file-storage-s3filesbucket-1953a0v488q2m.s3.eu-central-1.amazonaws.com/exp-2/2466/table-exports/in/c-kds-team-ex-kbc-project-metadata-v2-186269932/tables-columns-metadata/213796622.csv.gzmanifest?X-Amz-Content-Sha256=UNSIGNED-PAYLOAD&X-Amz-Algorithm=AWS4-HMAC-SHA256&X-Amz-Credential=AKIASE4SHFLWSV46UKVS%2F20210120%2Feu-central-1%2Fs3%2Faws4_request&X-Amz-Date=20210120T181601Z&X-Amz-SignedHeaders=host&X-Amz-Expires=3600&X-Amz-Signature=3db132bf49462559641a89597e2b01c5216568ce785197562c81f8eef64eb7e6,aws,eu-central-1,3252,['table-export'],2,1526.213793831,"['1526.213793831', '1528.213800952', '1628.214218670', '2048.214242598', '2052.214245931']","{'id': 93447, 'description': 'migrationtest01'}"
213796611,2020-12-09T12:30:23+0100,False,True,True,in.c-kds-team-ex-kbc-project-metadata-v2-186269932.tables-columns.csv.gz,https://kbc-sapi-eu-central-1-file-storage-s3filesbucket-1953a0v488q2m.s3.eu-central-1.amazonaws.com/exp-2/2466/table-exports/in/c-kds-team-ex-kbc-project-metadata-v2-186269932/tables-columns/213796598.csv.gzmanifest?X-Amz-Content-Sha256=UNSIGNED-PAYLOAD&X-Amz-Algorithm=AWS4-HMAC-SHA256&X-Amz-Credential=AKIASE4SHFLWSV46UKVS%2F20210120%2Feu-central-1%2Fs3%2Faws4_request&X-Amz-Date=20210120T181601Z&X-Amz-SignedHeaders=host&X-Amz-Expires=3600&X-Amz-Signature=42623a841fec9a72366c85d46b0c52002706b30b07fdb92a9c1b2675b2989863,aws,eu-central-1,7978,['table-export'],2,1526.213793831,"['1526.213793831', '1528.213800952', '1628.214218670', '2048.214242598', '2052.214245931']","{'id': 93447, 'description': 'migrationtest01'}"
213796545,2020-12-09T12:30:17+0100,False,True,True,in.c-kds-team-ex-kbc-project-metadata-v2-186269932.tables.csv.gz,https://kbc-sapi-eu-central-1-file-storage-s3filesbucket-1953a0v488q2m.s3.eu-central-1.amazonaws.com/exp-2/2466/table-exports/in/c-kds-team-ex-kbc-project-metadata-v2-186269932/tables/213796514.csv.gzmanifest?X-Amz-Content-Sha256=UNSIGNED-PAYLOAD&X-Amz-Algorithm=AWS4-HMAC-SHA256&X-Amz-Credential=AKIASE4SHFLWSV46UKVS%2F20210120%2Feu-central-1%2Fs3%2Faws4_request&X-Amz-Date=20210120T181601Z&X-Amz-SignedHeaders=host&X-Amz-Expires=3600&X-Amz-Signature=606c78c2a519dd483d101b71cfb6d42992267149abf63c0f1f0703a33d38150e,aws,eu-central-1,3636,['table-export'],2,1526.213793831,"['1526.213793831', '1528.213800952', '1628.214218670', '2048.214242598', '2052.214245931']","{'id': 93447, 'description': 'migrationtest01'}"
213796455,2020-12-09T12:30:11+0100,False,True,True,in.c-kds-team-ex-kbc-project-metadata-v2-186269932.orchestrations-tasks.csv.gz,https://kbc-sapi-eu-central-1-file-storage-s3filesbucket-1953a0v488q2m.s3.eu-central-1.amazonaws.com/exp-2/2466/table-exports/in/c-kds-team-ex-kbc-project-metadata-v2-186269932/orchestrations-tasks/213796428.csv.gzmanifest?X-Amz-Content-Sha256=UNSIGNED-PAYLOAD&X-Amz-Algorithm=AWS4-HMAC-SHA256&X-Amz-Credential=AKIASE4SHFLWSV46UKVS%2F20210120%2Feu-central-1%2Fs3%2Faws4_request&X-Amz-Date=20210120T181601Z&X-Amz-SignedHeaders=host&X-Amz-Expires=3600&X-Amz-Signature=4280bc50974bcc18a0f8b8cc05ff2121a33a65975218d28dc9a28f6e7476a549,aws,eu-central-1,474,['table-export'],2,1526.213793831,"['1526.213793831', '1528.213800952', '1628.214218670', '2048.214242598', '2052.214245931']","{'id': 93447, 'description': 'migrationtest01'}"
213796410,2020-12-09T12:30:08+0100,False,True,True,in.c-kds-team-ex-kbc-project-metadata-v2-186269932.orchestrations-notifications.csv.gz,https://kbc-sapi-eu-central-1-file-storage-s3filesbucket-1953a0v488q2m.s3.eu-central-1.amazonaws.com/exp-2/2466/table-exports/in/c-kds-team-ex-kbc-project-metadata-v2-186269932/orchestrations-notifications/213796394.csv.gzmanifest?X-Amz-Content-Sha256=UNSIGNED-PAYLOAD&X-Amz-Algorithm=AWS4-HMAC-SHA256&X-Amz-Credential=AKIASE4SHFLWSV46UKVS%2F20210120%2Feu-central-1%2Fs3%2Faws4_request&X-Amz-Date=20210120T181601Z&X-Amz-SignedHeaders=host&X-Amz-Expires=3600&X-Amz-Signature=236bc7ae0cd41dca0a5ec24e21e9a6483e97bdf2a4ba1b0047f7e7a03ef444bf,aws,eu-central-1,330,['table-export'],2,1526.213793831,"['1526.213793831', '1528.213800952', '1628.214218670', '2048.214242598', '2052.214245931']","{'id': 93447, 'description': 'migrationtest01'}"
213796381,2020-12-09T12:30:05+0100,False,True,True,in.c-kds-team-ex-kbc-project-metadata-v2-186269932.orchestrations.csv.gz,https://kbc-sapi-eu-central-1-file-storage-s3filesbucket-1953a0v488q2m.s3.eu-central-1.amazonaws.com/exp-2/2466/table-exports/in/c-kds-team-ex-kbc-project-metadata-v2-186269932/orchestrations/213796373.csv.gzmanifest?X-Amz-Content-Sha256=UNSIGNED-PAYLOAD&X-Amz-Algorithm=AWS4-HMAC-SHA256&X-Amz-Credential=AKIASE4SHFLWSV46UKVS%2F20210120%2Feu-central-1%2Fs3%2Faws4_request&X-Amz-Date=20210120T181601Z&X-Amz-SignedHeaders=host&X-Amz-Expires=3600&X-Amz-Signature=27f960752de5e4ad240d8bfea4c3fc4d0e1e05e88b718546c4953c74557644ab,aws,eu-central-1,415,['table-export'],2,1526.213793831,"['1526.213793831', '1528.213800952', '1628.214218670', '2048.214242598', '2052.214245931']","{'id': 93447, 'description': 'migrationtest01'}"
213796363,2020-12-09T12:30:03+0100,False,True,True,in.c-kds-team-ex-kbc-project-metadata-v2-186269932.configurations.csv.gz,https://kbc-sapi-eu-central-1-file-storage-s3filesbucket-1953a0v488q2m.s3.eu-central-1.amazonaws.com/exp-2/2466/table-exports/in/c-kds-team-ex-kbc-project-metadata-v2-186269932/configurations/213796358.csv.gzmanifest?X-Amz-Content-Sha256=UNSIGNED-PAYLOAD&X-Amz-Algorithm=AWS4-HMAC-SHA256&X-Amz-Credential=AKIASE4SHFLWSV46UKVS%2F20210120%2Feu-central-1%2Fs3%2Faws4_request&X-Amz-Date=20210120T181601Z&X-Amz-SignedHeaders=host&X-Amz-Expires=3600&X-Amz-Signature=756b7f6e70ee94105bebf102e0cb13bd977408df95c809e3034c026ef17a58fa,aws,eu-central-1,1185,['table-export'],2,1526.213793831,"['1526.213793831', '1528.213800952', '1628.214218670', '2048.214242598', '2052.214245931']","{'id': 93447, 'description': 'migrationtest01'}"
213796354,2020-12-09T12:30:00+0100,False,True,True,in.c-kds-team-ex-kbc-project-metadata-v2-184190347.waiting-jobs.csv.gz,https://kbc-sapi-eu-central-1-file-storage-s3filesbucket-1953a0v488q2m.s3.eu-central-1.amazonaws.com/exp-2/2466/table-exports/in/c-kds-team-ex-kbc-project-metadata-v2-184190347/waiting-jobs/213796346.csv.gzmanifest?X-Amz-Content-Sha256=UNSIGNED-PAYLOAD&X-Amz-Algorithm=AWS4-HMAC-SHA256&X-Amz-Credential=AKIASE4SHFLWSV46UKVS%2F20210120%2Feu-central-1%2Fs3%2Faws4_request&X-Amz-Date=20210120T181601Z&X-Amz-SignedHeaders=host&X-Amz-Expires=3600&X-Amz-Signature=a6db00a16c51a9444b3c1d9733ada434a34f66d420f37366548345ff5d6f9d45,aws,eu-central-1,395,['table-export'],2,1526.213793831,"['1526.213793831', '1528.213800952', '1628.214218670', '2048.214242598', '2052.214245931']","{'id': 93447, 'description': 'migrationtest01'}"
213796340,2020-12-09T12:29:58+0100,False,True,True,in.c-kds-team-ex-kbc-project-metadata-v2-184190347.triggers-tables.csv.gz,https://kbc-sapi-eu-central-1-file-storage-s3filesbucket-1953a0v488q2m.s3.eu-central-1.amazonaws.com/exp-2/2466/table-exports/in/c-kds-team-ex-kbc-project-metadata-v2-184190347/triggers-tables/213796334.csv.gzmanifest?X-Amz-Content-Sha256=UNSIGNED-PAYLOAD&X-Amz-Algorithm=AWS4-HMAC-SHA256&X-Amz-Credential=AKIASE4SHFLWSV46UKVS%2F20210120%2Feu-central-1%2Fs3%2Faws4_request&X-Amz-Date=20210120T181601Z&X-Amz-SignedHeaders=host&X-Amz-Expires=3600&X-Amz-Signature=5ddccd4067f9cd7cc1244409685204a0af6ede1b62e6b40f96d8b97f59169a3f,aws,eu-central-1,14,['table-export'],2,1526.213793831,"['1526.213793831', '1528.213800952', '1628.214218670', '2048.214242598', '2052.214245931']","{'id': 93447, 'description': 'migrationtest01'}"
213796330,2020-12-09T12:29:55+0100,False,True,True,in.c-kds-team-ex-kbc-project-metadata-v2-184190347.triggers.csv.gz,https://kbc-sapi-eu-central-1-file-storage-s3filesbucket-1953a0v488q2m.s3.eu-central-1.amazonaws.com/exp-2/2466/table-exports/in/c-kds-team-ex-kbc-project-metadata-v2-184190347/triggers/213796322.csv.gzmanifest?X-Amz-Content-Sha256=UNSIGNED-PAYLOAD&X-Amz-Algorithm=AWS4-HMAC-SHA256&X-Amz-Credential=AKIASE4SHFLWSV46UKVS%2F20210120%2Feu-central-1%2Fs3%2Faws4_request&X-Amz-Date=20210120T181601Z&X-Amz-SignedHeaders=host&X-Amz-Expires=3600&X-Amz-Signature=d77f176a971b9dd8dc8d6e6ae60adf34de110c24cb4ce4f6576e78d0c191e35f,aws,eu-central-1,363,['table-export'],2,1526.213793831,"['1526.213793831', '1528.213800952', '1628.214218670', '2048.214242598', '2052.214245931']","{'id': 93447, 'description': 'migrationtest01'}"
213796319,2020-12-09T12:29:53+0100,False,True,True,in.c-kds-team-ex-kbc-project-metadata-v2-184190347.transformations-queries.csv.gz,https://kbc-sapi-eu-central-1-file-storage-s3filesbucket-1953a0v488q2m.s3.eu-central-1.amazonaws.com/exp-2/2466/table-exports/in/c-kds-team-ex-kbc-project-metadata-v2-184190347/transformations-queries/213796317.csv.gzmanifest?X-Amz-Content-Sha256=UNSIGNED-PAYLOAD&X-Amz-Algorithm=AWS4-HMAC-SHA256&X-Amz-Credential=AKIASE4SHFLWSV46UKVS%2F20210120%2Feu-central-1%2Fs3%2Faws4_request&X-Amz-Date=20210120T181601Z&X-Amz-SignedHeaders=host&X-Amz-Expires=3600&X-Amz-Signature=49df092318180fc613b32d17fcc839482387d45ddefdea15a9571e22577ba867,aws,eu-central-1,4369,['table-export'],2,1526.213793831,"['1526.213793831', '1528.213800952', '1628.214218670', '2048.214242598', '2052.214245931']","{'id': 93447, 'description': 'migrationtest01'}"
213796314,2020-12-09T12:29:51+0100,False,True,True,in.c-kds-team-ex-kbc-project-metadata-v2-184190347.transformations-outputs.csv.gz,https://kbc-sapi-eu-central-1-file-storage-s3filesbucket-1953a0v488q2m.s3.eu-central-1.amazonaws.com/exp-2/2466/table-exports/in/c-kds-team-ex-kbc-project-metadata-v2-184190347/transformations-outputs/213796310.csv.gzmanifest?X-Amz-Content-Sha256=UNSIGNED-PAYLOAD&X-Amz-Algorithm=AWS4-HMAC-SHA256&X-Amz-Credential=AKIASE4SHFLWSV46UKVS%2F20210120%2Feu-central-1%2Fs3%2Faws4_request&X-Amz-Date=20210120T181601Z&X-Amz-SignedHeaders=host&X-Amz-Expires=3600&X-Amz-Signature=a63fcb79f42bcef5807e686ff30dc06215399729bac920367da31067d680c37f,aws,eu-central-1,463,['table-export'],2,1526.213793831,"['1526.213793831', '1528.213800952', '1628.214218670', '2048.214242598', '2052.214245931']","{'id': 93447, 'description': 'migrationtest01'}"
213796304,2020-12-09T12:29:49+0100,False,True,True,in.c-kds-team-ex-kbc-project-metadata-v2-184190347.transformations-inputs-metadata.csv.gz,https://kbc-sapi-eu-central-1-file-storage-s3filesbucket-1953a0v488q2m.s3.eu-central-1.amazonaws.com/exp-2/2466/table-exports/in/c-kds-team-ex-kbc-project-metadata-v2-184190347/transformations-inputs-metadata/213796299.csv.gzmanifest?X-Amz-Content-Sha256=UNSIGNED-PAYLOAD&X-Amz-Algorithm=AWS4-HMAC-SHA256&X-Amz-Credential=AKIASE4SHFLWSV46UKVS%2F20210120%2Feu-central-1%2Fs3%2Faws4_request&X-Amz-Date=20210120T181601Z&X-Amz-SignedHeaders=host&X-Amz-Expires=3600&X-Amz-Signature=02ee05f9e3cc2a6caadd98c13f856407ade066057534aa4db18f41ce401d2f98,aws,eu-central-1,5260,['table-export'],2,1526.213793831,"['1526.213793831', '1528.213800952', '1628.214218670', '2048.214242598', '2052.214245931']","{'id': 93447, 'description': 'migrationtest01'}"
213796279,2020-12-09T12:29:42+0100,False,True,True,in.c-kds-team-ex-kbc-project-metadata-v2-184190347.transformations-inputs.csv.gz,https://kbc-sapi-eu-central-1-file-storage-s3filesbucket-1953a0v488q2m.s3.eu-central-1.amazonaws.com/exp-2/2466/table-exports/in/c-kds-team-ex-kbc-project-metadata-v2-184190347/transformations-inputs/213796277.csv.gzmanifest?X-Amz-Content-Sha256=UNSIGNED-PAYLOAD&X-Amz-Algorithm=AWS4-HMAC-SHA256&X-Amz-Credential=AKIASE4SHFLWSV46UKVS%2F20210120%2Feu-central-1%2Fs3%2Faws4_request&X-Amz-Date=20210120T181601Z&X-Amz-SignedHeaders=host&X-Amz-Expires=3600&X-Amz-Signature=b1ae9ccd9a87159b2b29b6a284c5e0e52d4a696416f00f251b9e364cfa93954e,aws,eu-central-1,1184,['table-export'],2,1526.213793831,"['1526.213793831', '1528.213800952', '1628.214218670', '2048.214242598', '2052.214245931']","{'id': 93447, 'description': 'migrationtest01'}"
213796276,2020-12-09T12:29:40+0100,False,True,True,in.c-kds-team-ex-kbc-project-metadata-v2-184190347.transformations-buckets.csv.gz,https://kbc-sapi-eu-central-1-file-storage-s3filesbucket-1953a0v488q2m.s3.eu-central-1.amazonaws.com/exp-2/2466/table-exports/in/c-kds-team-ex-kbc-project-metadata-v2-184190347/transformations-buckets/213796274.csv.gzmanifest?X-Amz-Content-Sha256=UNSIGNED-PAYLOAD&X-Amz-Algorithm=AWS4-HMAC-SHA256&X-Amz-Credential=AKIASE4SHFLWSV46UKVS%2F20210120%2Feu-central-1%2Fs3%2Faws4_request&X-Amz-Date=20210120T181601Z&X-Amz-SignedHeaders=host&X-Amz-Expires=3600&X-Amz-Signature=2adfed87527589fa6a776cd07af1ef19c018c8f6933ccbe25d3c9074c2799a0a,aws,eu-central-1,658,['table-export'],2,1526.213793831,"['1526.213793831', '1528.213800952', '1628.214218670', '2048.214242598', '2052.214245931']","{'id': 93447, 'description': 'migrationtest01'}"
213796267,2020-12-09T12:29:37+0100,False,True,True,in.c-kds-team-ex-kbc-project-metadata-v2-184190347.transformations.csv.gz,https://kbc-sapi-eu-central-1-file-storage-s3filesbucket-1953a0v488q2m.s3.eu-central-1.amazonaws.com/exp-2/2466/table-exports/in/c-kds-team-ex-kbc-project-metadata-v2-184190347/transformations/213796261.csv.gzmanifest?X-Amz-Content-Sha256=UNSIGNED-PAYLOAD&X-Amz-Algorithm=AWS4-HMAC-SHA256&X-Amz-Credential=AKIASE4SHFLWSV46UKVS%2F20210120%2Feu-central-1%2Fs3%2Faws4_request&X-Amz-Date=20210120T181601Z&X-Amz-SignedHeaders=host&X-Amz-Expires=3600&X-Amz-Signature=898a4d5d28c024ad361ace025e335503002f7dd64d269b3d522f99aea7b69e79,aws,eu-central-1,1175,['table-export'],2,1526.213793831,"['1526.213793831', '1528.213800952', '1628.214218670', '2048.214242598', '2052.214245931']","{'id': 93447, 'description': 'migrationtest01'}"
213796259,2020-12-09T12:29:36+0100,False,True,True,in.c-kds-team-ex-kbc-project-metadata-v2-184190347.tokens-last-events.csv.gz,https://kbc-sapi-eu-central-1-file-storage-s3filesbucket-1953a0v488q2m.s3.eu-central-1.amazonaws.com/exp-2/2466/table-exports/in/c-kds-team-ex-kbc-project-metadata-v2-184190347/tokens-last-events/213796256.csv.gzmanifest?X-Amz-Content-Sha256=UNSIGNED-PAYLOAD&X-Amz-Algorithm=AWS4-HMAC-SHA256&X-Amz-Credential=AKIASE4SHFLWSV46UKVS%2F20210120%2Feu-central-1%2Fs3%2Faws4_request&X-Amz-Date=20210120T181601Z&X-Amz-SignedHeaders=host&X-Amz-Expires=3600&X-Amz-Signature=e925a4196910921dd87324cc9f6104d4f06d27723e227412ebce377476bfcd70,aws,eu-central-1,2613,['table-export'],2,1526.213793831,"['1526.213793831', '1528.213800952', '1628.214218670', '2048.214242598', '2052.214245931']","{'id': 93447, 'description': 'migrationtest01'}"
213796254,2020-12-09T12:29:33+0100,False,True,True,in.c-kds-team-ex-kbc-project-metadata-v2-184190347.tokens.csv.gz,https://kbc-sapi-eu-central-1-file-storage-s3filesbucket-1953a0v488q2m.s3.eu-central-1.amazonaws.com/exp-2/2466/table-exports/in/c-kds-team-ex-kbc-project-metadata-v2-184190347/tokens/213796251.csv.gzmanifest?X-Amz-Content-Sha256=UNSIGNED-PAYLOAD&X-Amz-Algorithm=AWS4-HMAC-SHA256&X-Amz-Credential=AKIASE4SHFLWSV46UKVS%2F20210120%2Feu-central-1%2Fs3%2Faws4_request&X-Amz-Date=20210120T181601Z&X-Amz-SignedHeaders=host&X-Amz-Expires=3600&X-Amz-Signature=c32c083159eaad9101ea4616f276789f4f7e887ddf4bc1b50e09875e4d8a4ddc,aws,eu-central-1,2156,['table-export'],2,1526.213793831,"['1526.213793831', '1528.213800952', '1628.214218670', '2048.214242598', '2052.214245931']","{'id': 93447, 'description': 'migrationtest01'}"
213796243,2020-12-09T12:29:30+0100,False,True,True,in.c-kds-team-ex-kbc-project-metadata-v2-184190347.tables-metadata.csv.gz,https://kbc-sapi-eu-central-1-file-storage-s3filesbucket-1953a0v488q2m.s3.eu-central-1.amazonaws.com/exp-2/2466/table-exports/in/c-kds-team-ex-kbc-project-metadata-v2-184190347/tables-metadata/213796238.csv.gzmanifest?X-Amz-Content-Sha256=UNSIGNED-PAYLOAD&X-Amz-Algorithm=AWS4-HMAC-SHA256&X-Amz-Credential=AKIASE4SHFLWSV46UKVS%2F20210120%2Feu-central-1%2Fs3%2Faws4_request&X-Amz-Date=20210120T181601Z&X-Amz-SignedHeaders=host&X-Amz-Expires=3600&X-Amz-Signature=c7340c2c8c54b2ec138d9e228fef05c2db13e96f5df4c263446efddaf9cfbf26,aws,eu-central-1,4387,['table-export'],2,1526.213793831,"['1526.213793831', '1528.213800952', '1628.214218670', '2048.214242598', '2052.214245931']","{'id': 93447, 'description': 'migrationtest01'}"
213796235,2020-12-09T12:29:28+0100,False,True,True,in.c-kds-team-ex-kbc-project-metadata-v2-184190347.tables-columns-metadata.csv.gz,https://kbc-sapi-eu-central-1-file-storage-s3filesbucket-1953a0v488q2m.s3.eu-central-1.amazonaws.com/exp-2/2466/table-exports/in/c-kds-team-ex-kbc-project-metadata-v2-184190347/tables-columns-metadata/213796233.csv.gzmanifest?X-Amz-Content-Sha256=UNSIGNED-PAYLOAD&X-Amz-Algorithm=AWS4-HMAC-SHA256&X-Amz-Credential=AKIASE4SHFLWSV46UKVS%2F20210120%2Feu-central-1%2Fs3%2Faws4_request&X-Amz-Date=20210120T181601Z&X-Amz-SignedHeaders=host&X-Amz-Expires=3600&X-Amz-Signature=0244192c9fe58e616a29bdfc81238bbfae5d5552027bbfee746291193b19609a,aws,eu-central-1,3252,['table-export'],2,1526.213793831,"['1526.213793831', '1528.213800952', '1628.214218670', '2048.214242598', '2052.214245931']","{'id': 93447, 'description': 'migrationtest01'}"
213796232,2020-12-09T12:29:26+0100,False,True,True,in.c-kds-team-ex-kbc-project-metadata-v2-184190347.tables-columns.csv.gz,https://kbc-sapi-eu-central-1-file-storage-s3filesbucket-1953a0v488q2m.s3.eu-central-1.amazonaws.com/exp-2/2466/table-exports/in/c-kds-team-ex-kbc-project-metadata-v2-184190347/tables-columns/213796228.csv.gzmanifest?X-Amz-Content-Sha256=UNSIGNED-PAYLOAD&X-Amz-Algorithm=AWS4-HMAC-SHA256&X-Amz-Credential=AKIASE4SHFLWSV46UKVS%2F20210120%2Feu-central-1%2Fs3%2Faws4_request&X-Amz-Date=20210120T181601Z&X-Amz-SignedHeaders=host&X-Amz-Expires=3600&X-Amz-Signature=a39ac4820699693400e409f2e65687e541dee372c7740ce53d58fbce0827a916,aws,eu-central-1,5714,['table-export'],2,1526.213793831,"['1526.213793831', '1528.213800952', '1628.214218670', '2048.214242598', '2052.214245931']","{'id': 93447, 'description': 'migrationtest01'}"
213796227,2020-12-09T12:29:23+0100,False,True,True,in.c-kds-team-ex-kbc-project-metadata-v2-184190347.tables.csv.gz,https://kbc-sapi-eu-central-1-file-storage-s3filesbucket-1953a0v488q2m.s3.eu-central-1.amazonaws.com/exp-2/2466/table-exports/in/c-kds-team-ex-kbc-project-metadata-v2-184190347/tables/213796226.csv.gzmanifest?X-Amz-Content-Sha256=UNSIGNED-PAYLOAD&X-Amz-Algorithm=AWS4-HMAC-SHA256&X-Amz-Credential=AKIASE4SHFLWSV46UKVS%2F20210120%2Feu-central-1%2Fs3%2Faws4_request&X-Amz-Date=20210120T181601Z&X-Amz-SignedHeaders=host&X-Amz-Expires=3600&X-Amz-Signature=833b629bffd0ddbe789f3d5c35ee7ebd74a2978df2915225d76a50813806a294,aws,eu-central-1,2819,['table-export'],2,1526.213793831,"['1526.213793831', '1528.213800952', '1628.214218670', '2048.214242598', '2052.214245931']","{'id': 93447, 'description': 'migrationtest01'}"
213796221,2020-12-09T12:29:21+0100,False,True,True,in.c-kds-team-ex-kbc-project-metadata-v2-184190347.orchestrations-tasks.csv.gz,https://kbc-sapi-eu-central-1-file-storage-s3filesbucket-1953a0v488q2m.s3.eu-central-1.amazonaws.com/exp-2/2466/table-exports/in/c-kds-team-ex-kbc-project-metadata-v2-184190347/orchestrations-tasks/213796211.csv.gzmanifest?X-Amz-Content-Sha256=UNSIGNED-PAYLOAD&X-Amz-Algorithm=AWS4-HMAC-SHA256&X-Amz-Credential=AKIASE4SHFLWSV46UKVS%2F20210120%2Feu-central-1%2Fs3%2Faws4_request&X-Amz-Date=20210120T181601Z&X-Amz-SignedHeaders=host&X-Amz-Expires=3600&X-Amz-Signature=e7d225c72f556dcc1972938bb1de3ca995a2fd50acedcfd5d3162c920992b11e,aws,eu-central-1,474,['table-export'],2,1526.213793831,"['1526.213793831', '1528.213800952', '1628.214218670', '2048.214242598', '2052.214245931']","{'id': 93447, 'description': 'migrationtest01'}"
213796206,2020-12-09T12:29:18+0100,False,True,True,in.c-kds-team-ex-kbc-project-metadata-v2-184190347.orchestrations-notifications.csv.gz,https://kbc-sapi-eu-central-1-file-storage-s3filesbucket-1953a0v488q2m.s3.eu-central-1.amazonaws.com/exp-2/2466/table-exports/in/c-kds-team-ex-kbc-project-metadata-v2-184190347/orchestrations-notifications/213796204.csv.gzmanifest?X-Amz-Content-Sha256=UNSIGNED-PAYLOAD&X-Amz-Algorithm=AWS4-HMAC-SHA256&X-Amz-Credential=AKIASE4SHFLWSV46UKVS%2F20210120%2Feu-central-1%2Fs3%2Faws4_request&X-Amz-Date=20210120T181601Z&X-Amz-SignedHeaders=host&X-Amz-Expires=3600&X-Amz-Signature=7d8f80d60a42ca8822ff7d1bb7b3c58b642fe570d2c0af8a0c36a2b240202987,aws,eu-central-1,330,['table-export'],2,1526.213793831,"['1526.213793831', '1528.213800952', '1628.214218670', '2048.214242598', '2052.214245931']","{'id': 93447, 'description': 'migrationtest01'}"
213796201,2020-12-09T12:29:16+0100,False,True,True,in.c-kds-team-ex-kbc-project-metadata-v2-184190347.orchestrations.csv.gz,https://kbc-sapi-eu-central-1-file-storage-s3filesbucket-1953a0v488q2m.s3.eu-central-1.amazonaws.com/exp-2/2466/table-exports/in/c-kds-team-ex-kbc-project-metadata-v2-184190347/orchestrations/213796194.csv.gzmanifest?X-Amz-Content-Sha256=UNSIGNED-PAYLOAD&X-Amz-Algorithm=AWS4-HMAC-SHA256&X-Amz-Credential=AKIASE4SHFLWSV46UKVS%2F20210120%2Feu-central-1%2Fs3%2Faws4_request&X-Amz-Date=20210120T181601Z&X-Amz-SignedHeaders=host&X-Amz-Expires=3600&X-Amz-Signature=8551a4768dd4e029c295fae9becb5251335a39bc4951c07a3ead7ad66747d77a,aws,eu-central-1,418,['table-export'],2,1526.213793831,"['1526.213793831', '1528.213800952', '1628.214218670', '2048.214242598', '2052.214245931']","{'id': 93447, 'description': 'migrationtest01'}"
213796184,2020-12-09T12:29:14+0100,False,True,True,in.c-kds-team-ex-kbc-project-metadata-v2-184190347.configurations.csv.gz,https://kbc-sapi-eu-central-1-file-storage-s3filesbucket-1953a0v488q2m.s3.eu-central-1.amazonaws.com/exp-2/2466/table-exports/in/c-kds-team-ex-kbc-project-metadata-v2-184190347/configurations/213796176.csv.gzmanifest?X-Amz-Content-Sha256=UNSIGNED-PAYLOAD&X-Amz-Algorithm=AWS4-HMAC-SHA256&X-Amz-Credential=AKIASE4SHFLWSV46UKVS%2F20210120%2Feu-central-1%2Fs3%2Faws4_request&X-Amz-Date=20210120T181601Z&X-Amz-SignedHeaders=host&X-Amz-Expires=3600&X-Amz-Signature=91d98c30e4507076fd6d7fb1334a84a45ee626171590c6e2df4c16874a00f867,aws,eu-central-1,1235,['table-export'],2,1526.213793831,"['1526.213793831', '1528.213800952', '1628.214218670', '2048.214242598', '2052.214245931']","{'id': 93447, 'description': 'migrationtest01'}"
213796168,2020-12-09T12:29:11+0100,False,True,True,in.c-kds-team-ex-kbc-project-metadata-v2-183778914.waiting-jobs.csv.gz,https://kbc-sapi-eu-central-1-file-storage-s3filesbucket-1953a0v488q2m.s3.eu-central-1.amazonaws.com/exp-2/2466/table-exports/in/c-kds-team-ex-kbc-project-metadata-v2-183778914/waiting-jobs/213796161.csv.gzmanifest?X-Amz-Content-Sha256=UNSIGNED-PAYLOAD&X-Amz-Algorithm=AWS4-HMAC-SHA256&X-Amz-Credential=AKIASE4SHFLWSV46UKVS%2F20210120%2Feu-central-1%2Fs3%2Faws4_request&X-Amz-Date=20210120T181601Z&X-Amz-SignedHeaders=host&X-Amz-Expires=3600&X-Amz-Signature=964a5bd4ce229315dbc4cf5e4ce30e485d714a1f38c1c28e309be42e79bea3b2,aws,eu-central-1,398,['table-export'],2,1526.213793831,"['1526.213793831', '1528.213800952', '1628.214218670', '2048.214242598', '2052.214245931']","{'id': 93447, 'description': 'migrationtest01'}"
213796152,2020-12-09T12:29:09+0100,False,True,True,in.c-kds-team-ex-kbc-project-metadata-v2-183778914.triggers-tables.csv.gz,https://kbc-sapi-eu-central-1-file-storage-s3filesbucket-1953a0v488q2m.s3.eu-central-1.amazonaws.com/exp-2/2466/table-exports/in/c-kds-team-ex-kbc-project-metadata-v2-183778914/triggers-tables/213796149.csv.gzmanifest?X-Amz-Content-Sha256=UNSIGNED-PAYLOAD&X-Amz-Algorithm=AWS4-HMAC-SHA256&X-Amz-Credential=AKIASE4SHFLWSV46UKVS%2F20210120%2Feu-central-1%2Fs3%2Faws4_request&X-Amz-Date=20210120T181601Z&X-Amz-SignedHeaders=host&X-Amz-Expires=3600&X-Amz-Signature=a5088d3bcec83da064e4a7dc12cf0c63ddbe0d8aedf8f634aa75fa09aeda77ec,aws,eu-central-1,14,['table-export'],2,1526.213793831,"['1526.213793831', '1528.213800952', '1628.214218670', '2048.214242598', '2052.214245931']","{'id': 93447, 'description': 'migrationtest01'}"
213796144,2020-12-09T12:29:07+0100,False,True,True,in.c-kds-team-ex-kbc-project-metadata-v2-183778914.triggers.csv.gz,https://kbc-sapi-eu-central-1-file-storage-s3filesbucket-1953a0v488q2m.s3.eu-central-1.amazonaws.com/exp-2/2466/table-exports/in/c-kds-team-ex-kbc-project-metadata-v2-183778914/triggers/213796139.csv.gzmanifest?X-Amz-Content-Sha256=UNSIGNED-PAYLOAD&X-Amz-Algorithm=AWS4-HMAC-SHA256&X-Amz-Credential=AKIASE4SHFLWSV46UKVS%2F20210120%2Feu-central-1%2Fs3%2Faws4_request&X-Amz-Date=20210120T181601Z&X-Amz-SignedHeaders=host&X-Amz-Expires=3600&X-Amz-Signature=f24eb55fb4ba198c395137ea7a63a211997d1e6c2ebef600b288b152901a203e,aws,eu-central-1,363,['table-export'],2,1526.213793831,"['1526.213793831', '1528.213800952', '1628.214218670', '2048.214242598', '2052.214245931']","{'id': 93447, 'description': 'migrationtest01'}"
213796137,2020-12-09T12:29:05+0100,False,True,True,in.c-kds-team-ex-kbc-project-metadata-v2-183778914.transformations-queries.csv.gz,https://kbc-sapi-eu-central-1-file-storage-s3filesbucket-1953a0v488q2m.s3.eu-central-1.amazonaws.com/exp-2/2466/table-exports/in/c-kds-team-ex-kbc-project-metadata-v2-183778914/transformations-queries/213796133.csv.gzmanifest?X-Amz-Content-Sha256=UNSIGNED-PAYLOAD&X-Amz-Algorithm=AWS4-HMAC-SHA256&X-Amz-Credential=AKIASE4SHFLWSV46UKVS%2F20210120%2Feu-central-1%2Fs3%2Faws4_request&X-Amz-Date=20210120T181601Z&X-Amz-SignedHeaders=host&X-Amz-Expires=3600&X-Amz-Signature=dfd02d009352f528d52cf93571527bf0c8e0a5d78504ebf9d641bb49d40b214e,aws,eu-central-1,4369,['table-export'],2,1526.213793831,"['1526.213793831', '1528.213800952', '1628.214218670', '2048.214242598', '2052.214245931']","{'id': 93447, 'description': 'migrationtest01'}"
213796132,2020-12-09T12:29:02+0100,False,True,True,in.c-kds-team-ex-kbc-project-metadata-v2-183778914.transformations-outputs.csv.gz,https://kbc-sapi-eu-central-1-file-storage-s3filesbucket-1953a0v488q2m.s3.eu-central-1.amazonaws.com/exp-2/2466/table-exports/in/c-kds-team-ex-kbc-project-metadata-v2-183778914/transformations-outputs/213796131.csv.gzmanifest?X-Amz-Content-Sha256=UNSIGNED-PAYLOAD&X-Amz-Algorithm=AWS4-HMAC-SHA256&X-Amz-Credential=AKIASE4SHFLWSV46UKVS%2F20210120%2Feu-central-1%2Fs3%2Faws4_request&X-Amz-Date=20210120T181601Z&X-Amz-SignedHeaders=host&X-Amz-Expires=3600&X-Amz-Signature=22330f642a571ee4c7dabd4aab27e78491bb276fa1f082fca77bfb4737702ebb,aws,eu-central-1,463,['table-export'],2,1526.213793831,"['1526.213793831', '1528.213800952', '1628.214218670', '2048.214242598', '2052.214245931']","{'id': 93447, 'description': 'migrationtest01'}"
213796130,2020-12-09T12:29:00+0100,False,True,True,in.c-kds-team-ex-kbc-project-metadata-v2-183778914.transformations-inputs-metadata.csv.gz,https://kbc-sapi-eu-central-1-file-storage-s3filesbucket-1953a0v488q2m.s3.eu-central-1.amazonaws.com/exp-2/2466/table-exports/in/c-kds-team-ex-kbc-project-metadata-v2-183778914/transformations-inputs-metadata/213796129.csv.gzmanifest?X-Amz-Content-Sha256=UNSIGNED-PAYLOAD&X-Amz-Algorithm=AWS4-HMAC-SHA256&X-Amz-Credential=AKIASE4SHFLWSV46UKVS%2F20210120%2Feu-central-1%2Fs3%2Faws4_request&X-Amz-Date=20210120T181601Z&X-Amz-SignedHeaders=host&X-Amz-Expires=3600&X-Amz-Signature=45a1b9e1d2823668a9c7db31062e21b795c8246f1074422d7e0dca36a175e48e,aws,eu-central-1,1688,['table-export'],2,1526.213793831,"['1526.213793831', '1528.213800952', '1628.214218670', '2048.214242598', '2052.214245931']","{'id': 93447, 'description': 'migrationtest01'}"
213796126,2020-12-09T12:28:57+0100,False,True,True,in.c-kds-team-ex-kbc-project-metadata-v2-183778914.transformations-inputs.csv.gz,https://kbc-sapi-eu-central-1-file-storage-s3filesbucket-1953a0v488q2m.s3.eu-central-1.amazonaws.com/exp-2/2466/table-exports/in/c-kds-team-ex-kbc-project-metadata-v2-183778914/transformations-inputs/213796122.csv.gzmanifest?X-Amz-Content-Sha256=UNSIGNED-PAYLOAD&X-Amz-Algorithm=AWS4-HMAC-SHA256&X-Amz-Credential=AKIASE4SHFLWSV46UKVS%2F20210120%2Feu-central-1%2Fs3%2Faws4_request&X-Amz-Date=20210120T181601Z&X-Amz-SignedHeaders=host&X-Amz-Expires=3600&X-Amz-Signature=d3a748104b4edb645cce4bbe5f185421d0b6da236ba6bd3c089c409651bf1234,aws,eu-central-1,675,['table-export'],2,1526.213793831,"['1526.213793831', '1528.213800952', '1628.214218670', '2048.214242598', '2052.214245931']","{'id': 93447, 'description': 'migrationtest01'}"
213796112,2020-12-09T12:28:52+0100,False,True,True,in.c-kds-team-ex-kbc-project-metadata-v2-183778914.transformations-buckets.csv.gz,https://kbc-sapi-eu-central-1-file-storage-s3filesbucket-1953a0v488q2m.s3.eu-central-1.amazonaws.com/exp-2/2466/table-exports/in/c-kds-team-ex-kbc-project-metadata-v2-183778914/transformations-buckets/213796110.csv.gzmanifest?X-Amz-Content-Sha256=UNSIGNED-PAYLOAD&X-Amz-Algorithm=AWS4-HMAC-SHA256&X-Amz-Credential=AKIASE4SHFLWSV46UKVS%2F20210120%2Feu-central-1%2Fs3%2Faws4_request&X-Amz-Date=20210120T181601Z&X-Amz-SignedHeaders=host&X-Amz-Expires=3600&X-Amz-Signature=0ffcceeddd40d55662f7a5b2d945dcc868c76f325f398499c895fa045a38df37,aws,eu-central-1,582,['table-export'],2,1526.213793831,"['1526.213793831', '1528.213800952', '1628.214218670', '2048.214242598', '2052.214245931']","{'id': 93447, 'description': 'migrationtest01'}"
213796109,2020-12-09T12:28:49+0100,False,True,True,in.c-kds-team-ex-kbc-project-metadata-v2-183778914.transformations.csv.gz,https://kbc-sapi-eu-central-1-file-storage-s3filesbucket-1953a0v488q2m.s3.eu-central-1.amazonaws.com/exp-2/2466/table-exports/in/c-kds-team-ex-kbc-project-metadata-v2-183778914/transformations/213796104.csv.gzmanifest?X-Amz-Content-Sha256=UNSIGNED-PAYLOAD&X-Amz-Algorithm=AWS4-HMAC-SHA256&X-Amz-Credential=AKIASE4SHFLWSV46UKVS%2F20210120%2Feu-central-1%2Fs3%2Faws4_request&X-Amz-Date=20210120T181601Z&X-Amz-SignedHeaders=host&X-Amz-Expires=3600&X-Amz-Signature=b52e8dd464c98b2b087669dd8cad77130e08160f09c409ca31bd48a33eaa5ccc,aws,eu-central-1,1087,['table-export'],2,1526.213793831,"['1526.213793831', '1528.213800952', '1628.214218670', '2048.214242598', '2052.214245931']","{'id': 93447, 'description': 'migrationtest01'}"
213796101,2020-12-09T12:28:46+0100,False,True,True,in.c-kds-team-ex-kbc-project-metadata-v2-183778914.tokens-last-events.csv.gz,https://kbc-sapi-eu-central-1-file-storage-s3filesbucket-1953a0v488q2m.s3.eu-central-1.amazonaws.com/exp-2/2466/table-exports/in/c-kds-team-ex-kbc-project-metadata-v2-183778914/tokens-last-events/213796089.csv.gzmanifest?X-Amz-Content-Sha256=UNSIGNED-PAYLOAD&X-Amz-Algorithm=AWS4-HMAC-SHA256&X-Amz-Credential=AKIASE4SHFLWSV46UKVS%2F20210120%2Feu-central-1%2Fs3%2Faws4_request&X-Amz-Date=20210120T181601Z&X-Amz-SignedHeaders=host&X-Amz-Expires=3600&X-Amz-Signature=9d6fe6a366fc22b07498aee770b2749c0a9c771797f97259cb308732bc34f251,aws,eu-central-1,2689,['table-export'],2,1526.213793831,"['1526.213793831', '1528.213800952', '1628.214218670', '2048.214242598', '2052.214245931']","{'id': 93447, 'description': 'migrationtest01'}"
213796085,2020-12-09T12:28:44+0100,False,True,True,in.c-kds-team-ex-kbc-project-metadata-v2-183778914.tokens.csv.gz,https://kbc-sapi-eu-central-1-file-storage-s3filesbucket-1953a0v488q2m.s3.eu-central-1.amazonaws.com/exp-2/2466/table-exports/in/c-kds-team-ex-kbc-project-metadata-v2-183778914/tokens/213796076.csv.gzmanifest?X-Amz-Content-Sha256=UNSIGNED-PAYLOAD&X-Amz-Algorithm=AWS4-HMAC-SHA256&X-Amz-Credential=AKIASE4SHFLWSV46UKVS%2F20210120%2Feu-central-1%2Fs3%2Faws4_request&X-Amz-Date=20210120T181601Z&X-Amz-SignedHeaders=host&X-Amz-Expires=3600&X-Amz-Signature=beb78d75df9630a7024f8a4de1daac10815abcf36691808e88a23d3c58321b95,aws,eu-central-1,2190,['table-export'],2,1526.213793831,"['1526.213793831', '1528.213800952', '1628.214218670', '2048.214242598', '2052.214245931']","{'id': 93447, 'description': 'migrationtest01'}"
213796070,2020-12-09T12:28:42+0100,False,True,True,in.c-kds-team-ex-kbc-project-metadata-v2-183778914.tables-metadata.csv.gz,https://kbc-sapi-eu-central-1-file-storage-s3filesbucket-1953a0v488q2m.s3.eu-central-1.amazonaws.com/exp-2/2466/table-exports/in/c-kds-team-ex-kbc-project-metadata-v2-183778914/tables-metadata/213796067.csv.gzmanifest?X-Amz-Content-Sha256=UNSIGNED-PAYLOAD&X-Amz-Algorithm=AWS4-HMAC-SHA256&X-Amz-Credential=AKIASE4SHFLWSV46UKVS%2F20210120%2Feu-central-1%2Fs3%2Faws4_request&X-Amz-Date=20210120T181601Z&X-Amz-SignedHeaders=host&X-Amz-Expires=3600&X-Amz-Signature=90396519d2aefa83c7a8f1430d22f69bc15d2df7a82097bc57020e2daefdeafa,aws,eu-central-1,4387,['table-export'],2,1526.213793831,"['1526.213793831', '1528.213800952', '1628.214218670', '2048.214242598', '2052.214245931']","{'id': 93447, 'description': 'migrationtest01'}"
213796065,2020-12-09T12:28:40+0100,False,True,True,in.c-kds-team-ex-kbc-project-metadata-v2-183778914.tables-columns-metadata.csv.gz,https://kbc-sapi-eu-central-1-file-storage-s3filesbucket-1953a0v488q2m.s3.eu-central-1.amazonaws.com/exp-2/2466/table-exports/in/c-kds-team-ex-kbc-project-metadata-v2-183778914/tables-columns-metadata/213796058.csv.gzmanifest?X-Amz-Content-Sha256=UNSIGNED-PAYLOAD&X-Amz-Algorithm=AWS4-HMAC-SHA256&X-Amz-Credential=AKIASE4SHFLWSV46UKVS%2F20210120%2Feu-central-1%2Fs3%2Faws4_request&X-Amz-Date=20210120T181601Z&X-Amz-SignedHeaders=host&X-Amz-Expires=3600&X-Amz-Signature=494b6d7d775090298bd2664c488a401dd2eadf975d842dae6c0e5148aa1bb053,aws,eu-central-1,3252,['table-export'],2,1526.213793831,"['1526.213793831', '1528.213800952', '1628.214218670', '2048.214242598', '2052.214245931']","{'id': 93447, 'description': 'migrationtest01'}"
213796052,2020-12-09T12:28:37+0100,False,True,True,in.c-kds-team-ex-kbc-project-metadata-v2-183778914.tables-columns.csv.gz,https://kbc-sapi-eu-central-1-file-storage-s3filesbucket-1953a0v488q2m.s3.eu-central-1.amazonaws.com/exp-2/2466/table-exports/in/c-kds-team-ex-kbc-project-metadata-v2-183778914/tables-columns/213796050.csv.gzmanifest?X-Amz-Content-Sha256=UNSIGNED-PAYLOAD&X-Amz-Algorithm=AWS4-HMAC-SHA256&X-Amz-Credential=AKIASE4SHFLWSV46UKVS%2F20210120%2Feu-central-1%2Fs3%2Faws4_request&X-Amz-Date=20210120T181601Z&X-Amz-SignedHeaders=host&X-Amz-Expires=3600&X-Amz-Signature=c2da895033fc957189d7524330c9a8722233364f85642a2a93487e66230a2627,aws,eu-central-1,5714,['table-export'],2,1526.213793831,"['1526.213793831', '1528.213800952', '1628.214218670', '2048.214242598', '2052.214245931']","{'id': 93447, 'description': 'migrationtest01'}"
213796047,2020-12-09T12:28:35+0100,False,True,True,in.c-kds-team-ex-kbc-project-metadata-v2-183778914.tables.csv.gz,https://kbc-sapi-eu-central-1-file-storage-s3filesbucket-1953a0v488q2m.s3.eu-central-1.amazonaws.com/exp-2/2466/table-exports/in/c-kds-team-ex-kbc-project-metadata-v2-183778914/tables/213796037.csv.gzmanifest?X-Amz-Content-Sha256=UNSIGNED-PAYLOAD&X-Amz-Algorithm=AWS4-HMAC-SHA256&X-Amz-Credential=AKIASE4SHFLWSV46UKVS%2F20210120%2Feu-central-1%2Fs3%2Faws4_request&X-Amz-Date=20210120T181601Z&X-Amz-SignedHeaders=host&X-Amz-Expires=3600&X-Amz-Signature=40d4aeab42cdd9bdcbf27c9c6a403500f1bb2aa192999b0c0257b8e136aed1fc,aws,eu-central-1,2840,['table-export'],2,1526.213793831,"['1526.213793831', '1528.213800952', '1628.214218670', '2048.214242598', '2052.214245931']","{'id': 93447, 'description': 'migrationtest01'}"
213796032,2020-12-09T12:28:32+0100,False,True,True,in.c-kds-team-ex-kbc-project-metadata-v2-183778914.orchestrations-tasks.csv.gz,https://kbc-sapi-eu-central-1-file-storage-s3filesbucket-1953a0v488q2m.s3.eu-central-1.amazonaws.com/exp-2/2466/table-exports/in/c-kds-team-ex-kbc-project-metadata-v2-183778914/orchestrations-tasks/213796031.csv.gzmanifest?X-Amz-Content-Sha256=UNSIGNED-PAYLOAD&X-Amz-Algorithm=AWS4-HMAC-SHA256&X-Amz-Credential=AKIASE4SHFLWSV46UKVS%2F20210120%2Feu-central-1%2Fs3%2Faws4_request&X-Amz-Date=20210120T181601Z&X-Amz-SignedHeaders=host&X-Amz-Expires=3600&X-Amz-Signature=0a28e1e5a70be615300bf242468f12b1dd7fa2ead70fc7113387b80fe1af0f32,aws,eu-central-1,474,['table-export'],2,1526.213793831,"['1526.213793831', '1528.213800952', '1628.214218670', '2048.214242598', '2052.214245931']","{'id': 93447, 'description': 'migrationtest01'}"
213796024,2020-12-09T12:28:30+0100,False,True,True,in.c-kds-team-ex-kbc-project-metadata-v2-183778914.orchestrations-notifications.csv.gz,https://kbc-sapi-eu-central-1-file-storage-s3filesbucket-1953a0v488q2m.s3.eu-central-1.amazonaws.com/exp-2/2466/table-exports/in/c-kds-team-ex-kbc-project-metadata-v2-183778914/orchestrations-notifications/213796015.csv.gzmanifest?X-Amz-Content-Sha256=UNSIGNED-PAYLOAD&X-Amz-Algorithm=AWS4-HMAC-SHA256&X-Amz-Credential=AKIASE4SHFLWSV46UKVS%2F20210120%2Feu-central-1%2Fs3%2Faws4_request&X-Amz-Date=20210120T181601Z&X-Amz-SignedHeaders=host&X-Amz-Expires=3600&X-Amz-Signature=ae86043320bc0652fd83b6eea5700ac72bcd37fb468699b715285e60a4b49c6a,aws,eu-central-1,330,['table-export'],2,1526.213793831,"['1526.213793831', '1528.213800952', '1628.214218670', '2048.214242598', '2052.214245931']","{'id': 93447, 'description': 'migrationtest01'}"
213796011,2020-12-09T12:28:28+0100,False,True,True,in.c-kds-team-ex-kbc-project-metadata-v2-183778914.orchestrations.csv.gz,https://kbc-sapi-eu-central-1-file-storage-s3filesbucket-1953a0v488q2m.s3.eu-central-1.amazonaws.com/exp-2/2466/table-exports/in/c-kds-team-ex-kbc-project-metadata-v2-183778914/orchestrations/213796007.csv.gzmanifest?X-Amz-Content-Sha256=UNSIGNED-PAYLOAD&X-Amz-Algorithm=AWS4-HMAC-SHA256&X-Amz-Credential=AKIASE4SHFLWSV46UKVS%2F20210120%2Feu-central-1%2Fs3%2Faws4_request&X-Amz-Date=20210120T181601Z&X-Amz-SignedHeaders=host&X-Amz-Expires=3600&X-Amz-Signature=58506191ca044fe1de74a0f451cac7a13a94944723030e52956102828649d6d9,aws,eu-central-1,418,['table-export'],2,1526.213793831,"['1526.213793831', '1528.213800952', '1628.214218670', '2048.214242598', '2052.214245931']","{'id': 93447, 'description': 'migrationtest01'}"
213795999,2020-12-09T12:28:25+0100,False,True,True,in.c-kds-team-ex-kbc-project-metadata-v2-183778914.configurations.csv.gz,https://kbc-sapi-eu-central-1-file-storage-s3filesbucket-1953a0v488q2m.s3.eu-central-1.amazonaws.com/exp-2/2466/table-exports/in/c-kds-team-ex-kbc-project-metadata-v2-183778914/configurations/213795995.csv.gzmanifest?X-Amz-Content-Sha256=UNSIGNED-PAYLOAD&X-Amz-Algorithm=AWS4-HMAC-SHA256&X-Amz-Credential=AKIASE4SHFLWSV46UKVS%2F20210120%2Feu-central-1%2Fs3%2Faws4_request&X-Amz-Date=20210120T181601Z&X-Amz-SignedHeaders=host&X-Amz-Expires=3600&X-Amz-Signature=8fd86dfae85e9f15bf3317eff5add52ef9d302e58e2467d1447fa1feec2deaff,aws,eu-central-1,1115,['table-export'],2,1526.213793831,"['1526.213793831', '1528.213800952', '1628.214218670', '2048.214242598', '2052.214245931']","{'id': 93447, 'description': 'migrationtest01'}"
213795993,2020-12-09T12:28:22+0100,False,True,True,in.c-kds-team-ex-kbc-project-metadata-v2-179969190.waiting-jobs.csv.gz,https://kbc-sapi-eu-central-1-file-storage-s3filesbucket-1953a0v488q2m.s3.eu-central-1.amazonaws.com/exp-2/2466/table-exports/in/c-kds-team-ex-kbc-project-metadata-v2-179969190/waiting-jobs/213795989.csv.gzmanifest?X-Amz-Content-Sha256=UNSIGNED-PAYLOAD&X-Amz-Algorithm=AWS4-HMAC-SHA256&X-Amz-Credential=AKIASE4SHFLWSV46UKVS%2F20210120%2Feu-central-1%2Fs3%2Faws4_request&X-Amz-Date=20210120T181601Z&X-Amz-SignedHeaders=host&X-Amz-Expires=3600&X-Amz-Signature=d4fbb3f5b6b58372bc089c7a9799048fdea31c3acacbf76273d823b74ccdb187,aws,eu-central-1,400,['table-export'],2,1526.213793831,"['1526.213793831', '1528.213800952', '1628.214218670', '2048.214242598', '2052.214245931']","{'id': 93447, 'description': 'migrationtest01'}"
213795987,2020-12-09T12:28:20+0100,False,True,True,in.c-kds-team-ex-kbc-project-metadata-v2-179969190.triggers-tables.csv.gz,https://kbc-sapi-eu-central-1-file-storage-s3filesbucket-1953a0v488q2m.s3.eu-central-1.amazonaws.com/exp-2/2466/table-exports/in/c-kds-team-ex-kbc-project-metadata-v2-179969190/triggers-tables/213795985.csv.gzmanifest?X-Amz-Content-Sha256=UNSIGNED-PAYLOAD&X-Amz-Algorithm=AWS4-HMAC-SHA256&X-Amz-Credential=AKIASE4SHFLWSV46UKVS%2F20210120%2Feu-central-1%2Fs3%2Faws4_request&X-Amz-Date=20210120T181601Z&X-Amz-SignedHeaders=host&X-Amz-Expires=3600&X-Amz-Signature=3139bac3c725ac4b319c62a583c9d3d23c1c2ca484605a0d34eb539c84dcad15,aws,eu-central-1,14,['table-export'],2,1526.213793831,"['1526.213793831', '1528.213800952', '1628.214218670', '2048.214242598', '2052.214245931']","{'id': 93447, 'description': 'migrationtest01'}"
213795980,2020-12-09T12:28:17+0100,False,True,True,in.c-kds-team-ex-kbc-project-metadata-v2-179969190.triggers.csv.gz,https://kbc-sapi-eu-central-1-file-storage-s3filesbucket-1953a0v488q2m.s3.eu-central-1.amazonaws.com/exp-2/2466/table-exports/in/c-kds-team-ex-kbc-project-metadata-v2-179969190/triggers/213795976.csv.gzmanifest?X-Amz-Content-Sha256=UNSIGNED-PAYLOAD&X-Amz-Algorithm=AWS4-HMAC-SHA256&X-Amz-Credential=AKIASE4SHFLWSV46UKVS%2F20210120%2Feu-central-1%2Fs3%2Faws4_request&X-Amz-Date=20210120T181601Z&X-Amz-SignedHeaders=host&X-Amz-Expires=3600&X-Amz-Signature=6fcccaf40a67dd8ab7039b4e8166f69c7c4713c08c3866a2ccd8d93bbf7a3405,aws,eu-central-1,363,['table-export'],2,1526.213793831,"['1526.213793831', '1528.213800952', '1628.214218670', '2048.214242598', '2052.214245931']","{'id': 93447, 'description': 'migrationtest01'}"
213795974,2020-12-09T12:28:15+0100,False,True,True,in.c-kds-team-ex-kbc-project-metadata-v2-179969190.transformations-queries.csv.gz,https://kbc-sapi-eu-central-1-file-storage-s3filesbucket-1953a0v488q2m.s3.eu-central-1.amazonaws.com/exp-2/2466/table-exports/in/c-kds-team-ex-kbc-project-metadata-v2-179969190/transformations-queries/213795970.csv.gzmanifest?X-Amz-Content-Sha256=UNSIGNED-PAYLOAD&X-Amz-Algorithm=AWS4-HMAC-SHA256&X-Amz-Credential=AKIASE4SHFLWSV46UKVS%2F20210120%2Feu-central-1%2Fs3%2Faws4_request&X-Amz-Date=20210120T181601Z&X-Amz-SignedHeaders=host&X-Amz-Expires=3600&X-Amz-Signature=a0949ea130f857e5f6badb2c0e98cd735bf8cbe9a9eb664f041a6dcd33a47555,aws,eu-central-1,4369,['table-export'],2,1526.213793831,"['1526.213793831', '1528.213800952', '1628.214218670', '2048.214242598', '2052.214245931']","{'id': 93447, 'description': 'migrationtest01'}"
213795969,2020-12-09T12:28:13+0100,False,True,True,in.c-kds-team-ex-kbc-project-metadata-v2-179969190.transformations-outputs.csv.gz,https://kbc-sapi-eu-central-1-file-storage-s3filesbucket-1953a0v488q2m.s3.eu-central-1.amazonaws.com/exp-2/2466/table-exports/in/c-kds-team-ex-kbc-project-metadata-v2-179969190/transformations-outputs/213795964.csv.gzmanifest?X-Amz-Content-Sha256=UNSIGNED-PAYLOAD&X-Amz-Algorithm=AWS4-HMAC-SHA256&X-Amz-Credential=AKIASE4SHFLWSV46UKVS%2F20210120%2Feu-central-1%2Fs3%2Faws4_request&X-Amz-Date=20210120T181601Z&X-Amz-SignedHeaders=host&X-Amz-Expires=3600&X-Amz-Signature=2b8033d830ddfc8698dcf4bff842942bd9edea429a50a75314a3e57fb58ed876,aws,eu-central-1,463,['table-export'],2,1526.213793831,"['1526.213793831', '1528.213800952', '1628.214218670', '2048.214242598', '2052.214245931']","{'id': 93447, 'description': 'migrationtest01'}"
213795957,2020-12-09T12:28:10+0100,False,True,True,in.c-kds-team-ex-kbc-project-metadata-v2-179969190.transformations-inputs-metadata.csv.gz,https://kbc-sapi-eu-central-1-file-storage-s3filesbucket-1953a0v488q2m.s3.eu-central-1.amazonaws.com/exp-2/2466/table-exports/in/c-kds-team-ex-kbc-project-metadata-v2-179969190/transformations-inputs-metadata/213795956.csv.gzmanifest?X-Amz-Content-Sha256=UNSIGNED-PAYLOAD&X-Amz-Algorithm=AWS4-HMAC-SHA256&X-Amz-Credential=AKIASE4SHFLWSV46UKVS%2F20210120%2Feu-central-1%2Fs3%2Faws4_request&X-Amz-Date=20210120T181601Z&X-Amz-SignedHeaders=host&X-Amz-Expires=3600&X-Amz-Signature=61598265deca578e5fcedfd787406c272cc208469246ebaab4c920fc9049593c,aws,eu-central-1,1688,['table-export'],2,1526.213793831,"['1526.213793831', '1528.213800952', '1628.214218670', '2048.214242598', '2052.214245931']","{'id': 93447, 'description': 'migrationtest01'}"
213795953,2020-12-09T12:28:08+0100,False,True,True,in.c-kds-team-ex-kbc-project-metadata-v2-179969190.transformations-inputs.csv.gz,https://kbc-sapi-eu-central-1-file-storage-s3filesbucket-1953a0v488q2m.s3.eu-central-1.amazonaws.com/exp-2/2466/table-exports/in/c-kds-team-ex-kbc-project-metadata-v2-179969190/transformations-inputs/213795948.csv.gzmanifest?X-Amz-Content-Sha256=UNSIGNED-PAYLOAD&X-Amz-Algorithm=AWS4-HMAC-SHA256&X-Amz-Credential=AKIASE4SHFLWSV46UKVS%2F20210120%2Feu-central-1%2Fs3%2Faws4_request&X-Amz-Date=20210120T181601Z&X-Amz-SignedHeaders=host&X-Amz-Expires=3600&X-Amz-Signature=2a5ec49f3da42988b2347b838d9ae4353e4ea4932e6f7d405c47dfc4958fc04c,aws,eu-central-1,675,['table-export'],2,1526.213793831,"['1526.213793831', '1528.213800952', '1628.214218670', '2048.214242598', '2052.214245931']","{'id': 93447, 'description': 'migrationtest01'}"
213795947,2020-12-09T12:28:06+0100,False,True,True,in.c-kds-team-ex-kbc-project-metadata-v2-179969190.transformations-buckets.csv.gz,https://kbc-sapi-eu-central-1-file-storage-s3filesbucket-1953a0v488q2m.s3.eu-central-1.amazonaws.com/exp-2/2466/table-exports/in/c-kds-team-ex-kbc-project-metadata-v2-179969190/transformations-buckets/213795940.csv.gzmanifest?X-Amz-Content-Sha256=UNSIGNED-PAYLOAD&X-Amz-Algorithm=AWS4-HMAC-SHA256&X-Amz-Credential=AKIASE4SHFLWSV46UKVS%2F20210120%2Feu-central-1%2Fs3%2Faws4_request&X-Amz-Date=20210120T181601Z&X-Amz-SignedHeaders=host&X-Amz-Expires=3600&X-Amz-Signature=c8f6e92260ed6a351ef377a51fc5f471a8c9c9de7ce3f924245184def00bb3df,aws,eu-central-1,582,['table-export'],2,1526.213793831,"['1526.213793831', '1528.213800952', '1628.214218670', '2048.214242598', '2052.214245931']","{'id': 93447, 'description': 'migrationtest01'}"
213795935,2020-12-09T12:28:04+0100,False,True,True,in.c-kds-team-ex-kbc-project-metadata-v2-179969190.transformations.csv.gz,https://kbc-sapi-eu-central-1-file-storage-s3filesbucket-1953a0v488q2m.s3.eu-central-1.amazonaws.com/exp-2/2466/table-exports/in/c-kds-team-ex-kbc-project-metadata-v2-179969190/transformations/213795927.csv.gzmanifest?X-Amz-Content-Sha256=UNSIGNED-PAYLOAD&X-Amz-Algorithm=AWS4-HMAC-SHA256&X-Amz-Credential=AKIASE4SHFLWSV46UKVS%2F20210120%2Feu-central-1%2Fs3%2Faws4_request&X-Amz-Date=20210120T181601Z&X-Amz-SignedHeaders=host&X-Amz-Expires=3600&X-Amz-Signature=c8c98316c1973a773d337384e6c0dde8c6d53792e501859eb6600300092f0041,aws,eu-central-1,1087,['table-export'],2,1526.213793831,"['1526.213793831', '1528.213800952', '1628.214218670', '2048.214242598', '2052.214245931']","{'id': 93447, 'description': 'migrationtest01'}"
213795922,2020-12-09T12:28:01+0100,False,True,True,in.c-kds-team-ex-kbc-project-metadata-v2-179969190.tokens-last-events.csv.gz,https://kbc-sapi-eu-central-1-file-storage-s3filesbucket-1953a0v488q2m.s3.eu-central-1.amazonaws.com/exp-2/2466/table-exports/in/c-kds-team-ex-kbc-project-metadata-v2-179969190/tokens-last-events/213795916.csv.gzmanifest?X-Amz-Content-Sha256=UNSIGNED-PAYLOAD&X-Amz-Algorithm=AWS4-HMAC-SHA256&X-Amz-Credential=AKIASE4SHFLWSV46UKVS%2F20210120%2Feu-central-1%2Fs3%2Faws4_request&X-Amz-Date=20210120T181601Z&X-Amz-SignedHeaders=host&X-Amz-Expires=3600&X-Amz-Signature=5f2c45887951cbce9f4aa7810de8bc46ee026d6a8d7f2b69c3614e4722b1065e,aws,eu-central-1,2511,['table-export'],2,1526.213793831,"['1526.213793831', '1528.213800952', '1628.214218670', '2048.214242598', '2052.214245931']","{'id': 93447, 'description': 'migrationtest01'}"
213795902,2020-12-09T12:27:55+0100,False,True,True,in.c-kds-team-ex-kbc-project-metadata-v2-179969190.tokens.csv.gz,https://kbc-sapi-eu-central-1-file-storage-s3filesbucket-1953a0v488q2m.s3.eu-central-1.amazonaws.com/exp-2/2466/table-exports/in/c-kds-team-ex-kbc-project-metadata-v2-179969190/tokens/213795900.csv.gzmanifest?X-Amz-Content-Sha256=UNSIGNED-PAYLOAD&X-Amz-Algorithm=AWS4-HMAC-SHA256&X-Amz-Credential=AKIASE4SHFLWSV46UKVS%2F20210120%2Feu-central-1%2Fs3%2Faws4_request&X-Amz-Date=20210120T181601Z&X-Amz-SignedHeaders=host&X-Amz-Expires=3600&X-Amz-Signature=45f59d33004fca9b899a704185013c98bffa8600cc32d5605020b1b2d7af8de2,aws,eu-central-1,2079,['table-export'],2,1526.213793831,"['1526.213793831', '1528.213800952', '1628.214218670', '2048.214242598', '2052.214245931']","{'id': 93447, 'description': 'migrationtest01'}"
213795884,2020-12-09T12:27:49+0100,False,True,True,in.c-kds-team-ex-kbc-project-metadata-v2-179969190.tables-metadata.csv.gz,https://kbc-sapi-eu-central-1-file-storage-s3filesbucket-1953a0v488q2m.s3.eu-central-1.amazonaws.com/exp-2/2466/table-exports/in/c-kds-team-ex-kbc-project-metadata-v2-179969190/tables-metadata/213795874.csv.gzmanifest?X-Amz-Content-Sha256=UNSIGNED-PAYLOAD&X-Amz-Algorithm=AWS4-HMAC-SHA256&X-Amz-Credential=AKIASE4SHFLWSV46UKVS%2F20210120%2Feu-central-1%2Fs3%2Faws4_request&X-Amz-Date=20210120T181601Z&X-Amz-SignedHeaders=host&X-Amz-Expires=3600&X-Amz-Signature=6979afbe88eb0d0309d2d7e36242b6b4b722eace77304867a36f0055e2b04fd8,aws,eu-central-1,3380,['table-export'],2,1526.213793831,"['1526.213793831', '1528.213800952', '1628.214218670', '2048.214242598', '2052.214245931']","{'id': 93447, 'description': 'migrationtest01'}"
213795866,2020-12-09T12:27:46+0100,False,True,True,in.c-kds-team-ex-kbc-project-metadata-v2-179969190.tables-columns-metadata.csv.gz,https://kbc-sapi-eu-central-1-file-storage-s3filesbucket-1953a0v488q2m.s3.eu-central-1.amazonaws.com/exp-2/2466/table-exports/in/c-kds-team-ex-kbc-project-metadata-v2-179969190/tables-columns-metadata/213795859.csv.gzmanifest?X-Amz-Content-Sha256=UNSIGNED-PAYLOAD&X-Amz-Algorithm=AWS4-HMAC-SHA256&X-Amz-Credential=AKIASE4SHFLWSV46UKVS%2F20210120%2Feu-central-1%2Fs3%2Faws4_request&X-Amz-Date=20210120T181601Z&X-Amz-SignedHeaders=host&X-Amz-Expires=3600&X-Amz-Signature=0f579657bded8a15a1513304eccc48f2f6838e705d7dc87e5260bd11d01fcb98,aws,eu-central-1,3252,['table-export'],2,1526.213793831,"['1526.213793831', '1528.213800952', '1628.214218670', '2048.214242598', '2052.214245931']","{'id': 93447, 'description': 'migrationtest01'}"
213795851,2020-12-09T12:27:43+0100,False,True,True,in.c-kds-team-ex-kbc-project-metadata-v2-179969190.tables-columns.csv.gz,https://kbc-sapi-eu-central-1-file-storage-s3filesbucket-1953a0v488q2m.s3.eu-central-1.amazonaws.com/exp-2/2466/table-exports/in/c-kds-team-ex-kbc-project-metadata-v2-179969190/tables-columns/213795845.csv.gzmanifest?X-Amz-Content-Sha256=UNSIGNED-PAYLOAD&X-Amz-Algorithm=AWS4-HMAC-SHA256&X-Amz-Credential=AKIASE4SHFLWSV46UKVS%2F20210120%2Feu-central-1%2Fs3%2Faws4_request&X-Amz-Date=20210120T181601Z&X-Amz-SignedHeaders=host&X-Amz-Expires=3600&X-Amz-Signature=963be9a856d8e094a2b15ff6dad592c73236f465c091168873307f9a319d447b,aws,eu-central-1,4548,['table-export'],2,1526.213793831,"['1526.213793831', '1528.213800952', '1628.214218670', '2048.214242598', '2052.214245931']","{'id': 93447, 'description': 'migrationtest01'}"
213795843,2020-12-09T12:27:41+0100,False,True,True,in.c-kds-team-ex-kbc-project-metadata-v2-179969190.tables.csv.gz,https://kbc-sapi-eu-central-1-file-storage-s3filesbucket-1953a0v488q2m.s3.eu-central-1.amazonaws.com/exp-2/2466/table-exports/in/c-kds-team-ex-kbc-project-metadata-v2-179969190/tables/213795840.csv.gzmanifest?X-Amz-Content-Sha256=UNSIGNED-PAYLOAD&X-Amz-Algorithm=AWS4-HMAC-SHA256&X-Amz-Credential=AKIASE4SHFLWSV46UKVS%2F20210120%2Feu-central-1%2Fs3%2Faws4_request&X-Amz-Date=20210120T181601Z&X-Amz-SignedHeaders=host&X-Amz-Expires=3600&X-Amz-Signature=431d2b81ee59324b8b2e1942ab164aa7638306d5edbfaa1c1a69a4071f527ad6,aws,eu-central-1,2369,['table-export'],2,1526.213793831,"['1526.213793831', '1528.213800952', '1628.214218670', '2048.214242598', '2052.214245931']","{'id': 93447, 'description': 'migrationtest01'}"
213795836,2020-12-09T12:27:39+0100,False,True,True,in.c-kds-team-ex-kbc-project-metadata-v2-179969190.orchestrations-tasks.csv.gz,https://kbc-sapi-eu-central-1-file-storage-s3filesbucket-1953a0v488q2m.s3.eu-central-1.amazonaws.com/exp-2/2466/table-exports/in/c-kds-team-ex-kbc-project-metadata-v2-179969190/orchestrations-tasks/213795835.csv.gzmanifest?X-Amz-Content-Sha256=UNSIGNED-PAYLOAD&X-Amz-Algorithm=AWS4-HMAC-SHA256&X-Amz-Credential=AKIASE4SHFLWSV46UKVS%2F20210120%2Feu-central-1%2Fs3%2Faws4_request&X-Amz-Date=20210120T181601Z&X-Amz-SignedHeaders=host&X-Amz-Expires=3600&X-Amz-Signature=befeccd6ebfc259e60af276bcb260dd928d5cd3f09c0fea73f702bacd1346af2,aws,eu-central-1,474,['table-export'],2,1526.213793831,"['1526.213793831', '1528.213800952', '1628.214218670', '2048.214242598', '2052.214245931']","{'id': 93447, 'description': 'migrationtest01'}"
213795834,2020-12-09T12:27:37+0100,False,True,True,in.c-kds-team-ex-kbc-project-metadata-v2-179969190.orchestrations-notifications.csv.gz,https://kbc-sapi-eu-central-1-file-storage-s3filesbucket-1953a0v488q2m.s3.eu-central-1.amazonaws.com/exp-2/2466/table-exports/in/c-kds-team-ex-kbc-project-metadata-v2-179969190/orchestrations-notifications/213795832.csv.gzmanifest?X-Amz-Content-Sha256=UNSIGNED-PAYLOAD&X-Amz-Algorithm=AWS4-HMAC-SHA256&X-Amz-Credential=AKIASE4SHFLWSV46UKVS%2F20210120%2Feu-central-1%2Fs3%2Faws4_request&X-Amz-Date=20210120T181601Z&X-Amz-SignedHeaders=host&X-Amz-Expires=3600&X-Amz-Signature=df11eb27759494b11f90c1a830a8d1c191db1c4f01a1238c1b32cea4796881b3,aws,eu-central-1,330,['table-export'],2,1526.213793831,"['1526.213793831', '1528.213800952', '1628.214218670', '2048.214242598', '2052.214245931']","{'id': 93447, 'description': 'migrationtest01'}"
213795829,2020-12-09T12:27:34+0100,False,True,True,in.c-kds-team-ex-kbc-project-metadata-v2-179969190.orchestrations.csv.gz,https://kbc-sapi-eu-central-1-file-storage-s3filesbucket-1953a0v488q2m.s3.eu-central-1.amazonaws.com/exp-2/2466/table-exports/in/c-kds-team-ex-kbc-project-metadata-v2-179969190/orchestrations/213795827.csv.gzmanifest?X-Amz-Content-Sha256=UNSIGNED-PAYLOAD&X-Amz-Algorithm=AWS4-HMAC-SHA256&X-Amz-Credential=AKIASE4SHFLWSV46UKVS%2F20210120%2Feu-central-1%2Fs3%2Faws4_request&X-Amz-Date=20210120T181601Z&X-Amz-SignedHeaders=host&X-Amz-Expires=3600&X-Amz-Signature=05adf162a2bb43e220d35c00d8a3a6a7fd61de14bc2b667167fb5b9ab1ddcdc6,aws,eu-central-1,415,['table-export'],2,1526.213793831,"['1526.213793831', '1528.213800952', '1628.214218670', '2048.214242598', '2052.214245931']","{'id': 93447, 'description': 'migrationtest01'}"
213795822,2020-12-09T12:27:32+0100,False,True,True,in.c-kds-team-ex-kbc-project-metadata-v2-179969190.configurations.csv.gz,https://kbc-sapi-eu-central-1-file-storage-s3filesbucket-1953a0v488q2m.s3.eu-central-1.amazonaws.com/exp-2/2466/table-exports/in/c-kds-team-ex-kbc-project-metadata-v2-179969190/configurations/213795820.csv.gzmanifest?X-Amz-Content-Sha256=UNSIGNED-PAYLOAD&X-Amz-Algorithm=AWS4-HMAC-SHA256&X-Amz-Credential=AKIASE4SHFLWSV46UKVS%2F20210120%2Feu-central-1%2Fs3%2Faws4_request&X-Amz-Date=20210120T181601Z&X-Amz-SignedHeaders=host&X-Amz-Expires=3600&X-Amz-Signature=8a054c284745abc5a53ff62358d64b916dc3030394d57d239811b8dcc653600e,aws,eu-central-1,1056,['table-export'],2,1526.213793831,"['1526.213793831', '1528.213800952', '1628.214218670', '2048.214242598', '2052.214245931']","{'id': 93447, 'description': 'migrationtest01'}"
213795818,2020-12-09T12:27:29+0100,False,True,True,in.c-kds-team-ex-kbc-project-metadata-v2-169543393.waiting-jobs.csv.gz,https://kbc-sapi-eu-central-1-file-storage-s3filesbucket-1953a0v488q2m.s3.eu-central-1.amazonaws.com/exp-2/2466/table-exports/in/c-kds-team-ex-kbc-project-metadata-v2-169543393/waiting-jobs/213795815.csv.gzmanifest?X-Amz-Content-Sha256=UNSIGNED-PAYLOAD&X-Amz-Algorithm=AWS4-HMAC-SHA256&X-Amz-Credential=AKIASE4SHFLWSV46UKVS%2F20210120%2Feu-central-1%2Fs3%2Faws4_request&X-Amz-Date=20210120T181601Z&X-Amz-SignedHeaders=host&X-Amz-Expires=3600&X-Amz-Signature=a1df301a968a06e12a4ee8613b6ee65406b988a0e5c61bd2ce7e548cffabe634,aws,eu-central-1,447,['table-export'],2,1526.213793831,"['1526.213793831', '1528.213800952', '1628.214218670', '2048.214242598', '2052.214245931']","{'id': 93447, 'description': 'migrationtest01'}"
213795813,2020-12-09T12:27:27+0100,False,True,True,in.c-kds-team-ex-kbc-project-metadata-v2-169543393.triggers-tables.csv.gz,https://kbc-sapi-eu-central-1-file-storage-s3filesbucket-1953a0v488q2m.s3.eu-central-1.amazonaws.com/exp-2/2466/table-exports/in/c-kds-team-ex-kbc-project-metadata-v2-169543393/triggers-tables/213795810.csv.gzmanifest?X-Amz-Content-Sha256=UNSIGNED-PAYLOAD&X-Amz-Algorithm=AWS4-HMAC-SHA256&X-Amz-Credential=AKIASE4SHFLWSV46UKVS%2F20210120%2Feu-central-1%2Fs3%2Faws4_request&X-Amz-Date=20210120T181601Z&X-Amz-SignedHeaders=host&X-Amz-Expires=3600&X-Amz-Signature=4c737c9d9c5e8803b6e91c837cb17f15ee4467b4001f760289c909c596801c0d,aws,eu-central-1,14,['table-export'],2,1526.213793831,"['1526.213793831', '1528.213800952', '1628.214218670', '2048.214242598', '2052.214245931']","{'id': 93447, 'description': 'migrationtest01'}"
213795806,2020-12-09T12:27:24+0100,False,True,True,in.c-kds-team-ex-kbc-project-metadata-v2-169543393.triggers.csv.gz,https://kbc-sapi-eu-central-1-file-storage-s3filesbucket-1953a0v488q2m.s3.eu-central-1.amazonaws.com/exp-2/2466/table-exports/in/c-kds-team-ex-kbc-project-metadata-v2-169543393/triggers/213795805.csv.gzmanifest?X-Amz-Content-Sha256=UNSIGNED-PAYLOAD&X-Amz-Algorithm=AWS4-HMAC-SHA256&X-Amz-Credential=AKIASE4SHFLWSV46UKVS%2F20210120%2Feu-central-1%2Fs3%2Faws4_request&X-Amz-Date=20210120T181601Z&X-Amz-SignedHeaders=host&X-Amz-Expires=3600&X-Amz-Signature=adfe7893fd9ddac0f83c8806af4ff06047bf3b67e623f0127af9a04039551426,aws,eu-central-1,14,['table-export'],2,1526.213793831,"['1526.213793831', '1528.213800952', '1628.214218670', '2048.214242598', '2052.214245931']","{'id': 93447, 'description': 'migrationtest01'}"
213795796,2020-12-09T12:27:22+0100,False,True,True,in.c-kds-team-ex-kbc-project-metadata-v2-169543393.transformations-queries.csv.gz,https://kbc-sapi-eu-central-1-file-storage-s3filesbucket-1953a0v488q2m.s3.eu-central-1.amazonaws.com/exp-2/2466/table-exports/in/c-kds-team-ex-kbc-project-metadata-v2-169543393/transformations-queries/213795790.csv.gzmanifest?X-Amz-Content-Sha256=UNSIGNED-PAYLOAD&X-Amz-Algorithm=AWS4-HMAC-SHA256&X-Amz-Credential=AKIASE4SHFLWSV46UKVS%2F20210120%2Feu-central-1%2Fs3%2Faws4_request&X-Amz-Date=20210120T181601Z&X-Amz-SignedHeaders=host&X-Amz-Expires=3600&X-Amz-Signature=7446ccf6889c4126cce487aa72e954e54f415b1fa2bbcd79b8e30e1245f29baa,aws,eu-central-1,4114,['table-export'],2,1526.213793831,"['1526.213793831', '1528.213800952', '1628.214218670', '2048.214242598', '2052.214245931']","{'id': 93447, 'description': 'migrationtest01'}"
213795787,2020-12-09T12:27:20+0100,False,True,True,in.c-kds-team-ex-kbc-project-metadata-v2-169543393.transformations-outputs.csv.gz,https://kbc-sapi-eu-central-1-file-storage-s3filesbucket-1953a0v488q2m.s3.eu-central-1.amazonaws.com/exp-2/2466/table-exports/in/c-kds-team-ex-kbc-project-metadata-v2-169543393/transformations-outputs/213795785.csv.gzmanifest?X-Amz-Content-Sha256=UNSIGNED-PAYLOAD&X-Amz-Algorithm=AWS4-HMAC-SHA256&X-Amz-Credential=AKIASE4SHFLWSV46UKVS%2F20210120%2Feu-central-1%2Fs3%2Faws4_request&X-Amz-Date=20210120T181601Z&X-Amz-SignedHeaders=host&X-Amz-Expires=3600&X-Amz-Signature=f707b96a70b6b94ebb072d7fc5932f3f68029647f540d34d8a99bb16d6293a54,aws,eu-central-1,515,['table-export'],2,1526.213793831,"['1526.213793831', '1528.213800952', '1628.214218670', '2048.214242598', '2052.214245931']","{'id': 93447, 'description': 'migrationtest01'}"
213795779,2020-12-09T12:27:18+0100,False,True,True,in.c-kds-team-ex-kbc-project-metadata-v2-169543393.transformations-inputs-metadata.csv.gz,https://kbc-sapi-eu-central-1-file-storage-s3filesbucket-1953a0v488q2m.s3.eu-central-1.amazonaws.com/exp-2/2466/table-exports/in/c-kds-team-ex-kbc-project-metadata-v2-169543393/transformations-inputs-metadata/213795776.csv.gzmanifest?X-Amz-Content-Sha256=UNSIGNED-PAYLOAD&X-Amz-Algorithm=AWS4-HMAC-SHA256&X-Amz-Credential=AKIASE4SHFLWSV46UKVS%2F20210120%2Feu-central-1%2Fs3%2Faws4_request&X-Amz-Date=20210120T181601Z&X-Amz-SignedHeaders=host&X-Amz-Expires=3600&X-Amz-Signature=5c6e5c69bb791881add425357d34f825fb7e6c26cb75a55f352cc66581726672,aws,eu-central-1,1298,['table-export'],2,1526.213793831,"['1526.213793831', '1528.213800952', '1628.214218670', '2048.214242598', '2052.214245931']","{'id': 93447, 'description': 'migrationtest01'}"
213795774,2020-12-09T12:27:15+0100,False,True,True,in.c-kds-team-ex-kbc-project-metadata-v2-169543393.transformations-inputs.csv.gz,https://kbc-sapi-eu-central-1-file-storage-s3filesbucket-1953a0v488q2m.s3.eu-central-1.amazonaws.com/exp-2/2466/table-exports/in/c-kds-team-ex-kbc-project-metadata-v2-169543393/transformations-inputs/213795768.csv.gzmanifest?X-Amz-Content-Sha256=UNSIGNED-PAYLOAD&X-Amz-Algorithm=AWS4-HMAC-SHA256&X-Amz-Credential=AKIASE4SHFLWSV46UKVS%2F20210120%2Feu-central-1%2Fs3%2Faws4_request&X-Amz-Date=20210120T181601Z&X-Amz-SignedHeaders=host&X-Amz-Expires=3600&X-Amz-Signature=a5360044fa54076d96821086e144d9387b0df302fd93ab587def7ec826cefca2,aws,eu-central-1,582,['table-export'],2,1526.213793831,"['1526.213793831', '1528.213800952', '1628.214218670', '2048.214242598', '2052.214245931']","{'id': 93447, 'description': 'migrationtest01'}"
213795763,2020-12-09T12:27:13+0100,False,True,True,in.c-kds-team-ex-kbc-project-metadata-v2-169543393.transformations-buckets.csv.gz,https://kbc-sapi-eu-central-1-file-storage-s3filesbucket-1953a0v488q2m.s3.eu-central-1.amazonaws.com/exp-2/2466/table-exports/in/c-kds-team-ex-kbc-project-metadata-v2-169543393/transformations-buckets/213795759.csv.gzmanifest?X-Amz-Content-Sha256=UNSIGNED-PAYLOAD&X-Amz-Algorithm=AWS4-HMAC-SHA256&X-Amz-Credential=AKIASE4SHFLWSV46UKVS%2F20210120%2Feu-central-1%2Fs3%2Faws4_request&X-Amz-Date=20210120T181601Z&X-Amz-SignedHeaders=host&X-Amz-Expires=3600&X-Amz-Signature=d21168073a85bd70977ed9bc78fea37320009a2de92da68833e2d1ad6c35864f,aws,eu-central-1,584,['table-export'],2,1526.213793831,"['1526.213793831', '1528.213800952', '1628.214218670', '2048.214242598', '2052.214245931']","{'id': 93447, 'description': 'migrationtest01'}"
213795751,2020-12-09T12:27:11+0100,False,True,True,in.c-kds-team-ex-kbc-project-metadata-v2-169543393.transformations.csv.gz,https://kbc-sapi-eu-central-1-file-storage-s3filesbucket-1953a0v488q2m.s3.eu-central-1.amazonaws.com/exp-2/2466/table-exports/in/c-kds-team-ex-kbc-project-metadata-v2-169543393/transformations/213795747.csv.gzmanifest?X-Amz-Content-Sha256=UNSIGNED-PAYLOAD&X-Amz-Algorithm=AWS4-HMAC-SHA256&X-Amz-Credential=AKIASE4SHFLWSV46UKVS%2F20210120%2Feu-central-1%2Fs3%2Faws4_request&X-Amz-Date=20210120T181601Z&X-Amz-SignedHeaders=host&X-Amz-Expires=3600&X-Amz-Signature=25cac5071caa830a3dca60755ed873242b8a8254c06b32d0bc043cadb9a586bd,aws,eu-central-1,973,['table-export'],2,1526.213793831,"['1526.213793831', '1528.213800952', '1628.214218670', '2048.214242598', '2052.214245931']","{'id': 93447, 'description': 'migrationtest01'}"
213795746,2020-12-09T12:27:08+0100,False,True,True,in.c-kds-team-ex-kbc-project-metadata-v2-169543393.tokens-last-events.csv.gz,https://kbc-sapi-eu-central-1-file-storage-s3filesbucket-1953a0v488q2m.s3.eu-central-1.amazonaws.com/exp-2/2466/table-exports/in/c-kds-team-ex-kbc-project-metadata-v2-169543393/tokens-last-events/213795745.csv.gzmanifest?X-Amz-Content-Sha256=UNSIGNED-PAYLOAD&X-Amz-Algorithm=AWS4-HMAC-SHA256&X-Amz-Credential=AKIASE4SHFLWSV46UKVS%2F20210120%2Feu-central-1%2Fs3%2Faws4_request&X-Amz-Date=20210120T181601Z&X-Amz-SignedHeaders=host&X-Amz-Expires=3600&X-Amz-Signature=3b6c970479ee6d9ace75e6234562136dbcccec47fe4cdb51d83df5c92410ec1f,aws,eu-central-1,1626,['table-export'],2,1526.213793831,"['1526.213793831', '1528.213800952', '1628.214218670', '2048.214242598', '2052.214245931']","{'id': 93447, 'description': 'migrationtest01'}"
213795743,2020-12-09T12:27:06+0100,False,True,True,in.c-kds-team-ex-kbc-project-metadata-v2-169543393.tokens.csv.gz,https://kbc-sapi-eu-central-1-file-storage-s3filesbucket-1953a0v488q2m.s3.eu-central-1.amazonaws.com/exp-2/2466/table-exports/in/c-kds-team-ex-kbc-project-metadata-v2-169543393/tokens/213795736.csv.gzmanifest?X-Amz-Content-Sha256=UNSIGNED-PAYLOAD&X-Amz-Algorithm=AWS4-HMAC-SHA256&X-Amz-Credential=AKIASE4SHFLWSV46UKVS%2F20210120%2Feu-central-1%2Fs3%2Faws4_request&X-Amz-Date=20210120T181601Z&X-Amz-SignedHeaders=host&X-Amz-Expires=3600&X-Amz-Signature=7ff53ef60c3e11c48088fd000df5d6510183bed71fb77ad9ccd8553691ab2db1,aws,eu-central-1,1256,['table-export'],2,1526.213793831,"['1526.213793831', '1528.213800952', '1628.214218670', '2048.214242598', '2052.214245931']","{'id': 93447, 'description': 'migrationtest01'}"
213795733,2020-12-09T12:27:04+0100,False,True,True,in.c-kds-team-ex-kbc-project-metadata-v2-169543393.tables-metadata.csv.gz,https://kbc-sapi-eu-central-1-file-storage-s3filesbucket-1953a0v488q2m.s3.eu-central-1.amazonaws.com/exp-2/2466/table-exports/in/c-kds-team-ex-kbc-project-metadata-v2-169543393/tables-metadata/213795728.csv.gzmanifest?X-Amz-Content-Sha256=UNSIGNED-PAYLOAD&X-Amz-Algorithm=AWS4-HMAC-SHA256&X-Amz-Credential=AKIASE4SHFLWSV46UKVS%2F20210120%2Feu-central-1%2Fs3%2Faws4_request&X-Amz-Date=20210120T181601Z&X-Amz-SignedHeaders=host&X-Amz-Expires=3600&X-Amz-Signature=022e3c4eaa168be65950c3ce688621a6cf4a3871215762f0dcd8077048258ea0,aws,eu-central-1,2417,['table-export'],2,1526.213793831,"['1526.213793831', '1528.213800952', '1628.214218670', '2048.214242598', '2052.214245931']","{'id': 93447, 'description': 'migrationtest01'}"
213795719,2020-12-09T12:27:01+0100,False,True,True,in.c-kds-team-ex-kbc-project-metadata-v2-169543393.tables-columns-metadata.csv.gz,https://kbc-sapi-eu-central-1-file-storage-s3filesbucket-1953a0v488q2m.s3.eu-central-1.amazonaws.com/exp-2/2466/table-exports/in/c-kds-team-ex-kbc-project-metadata-v2-169543393/tables-columns-metadata/213795712.csv.gzmanifest?X-Amz-Content-Sha256=UNSIGNED-PAYLOAD&X-Amz-Algorithm=AWS4-HMAC-SHA256&X-Amz-Credential=AKIASE4SHFLWSV46UKVS%2F20210120%2Feu-central-1%2Fs3%2Faws4_request&X-Amz-Date=20210120T181601Z&X-Amz-SignedHeaders=host&X-Amz-Expires=3600&X-Amz-Signature=2e4f01a8921171dc4204cf576ec631a22e35ba3c5244f43e8a1963113aee330a,aws,eu-central-1,3252,['table-export'],2,1526.213793831,"['1526.213793831', '1528.213800952', '1628.214218670', '2048.214242598', '2052.214245931']","{'id': 93447, 'description': 'migrationtest01'}"
213795708,2020-12-09T12:26:59+0100,False,True,True,in.c-kds-team-ex-kbc-project-metadata-v2-169543393.tables-columns.csv.gz,https://kbc-sapi-eu-central-1-file-storage-s3filesbucket-1953a0v488q2m.s3.eu-central-1.amazonaws.com/exp-2/2466/table-exports/in/c-kds-team-ex-kbc-project-metadata-v2-169543393/tables-columns/213795704.csv.gzmanifest?X-Amz-Content-Sha256=UNSIGNED-PAYLOAD&X-Amz-Algorithm=AWS4-HMAC-SHA256&X-Amz-Credential=AKIASE4SHFLWSV46UKVS%2F20210120%2Feu-central-1%2Fs3%2Faws4_request&X-Amz-Date=20210120T181601Z&X-Amz-SignedHeaders=host&X-Amz-Expires=3600&X-Amz-Signature=124f12c7397adc449dda9a648bf9298acfac19e85d80cf2032c35b649bd4c99f,aws,eu-central-1,2439,['table-export'],2,1526.213793831,"['1526.213793831', '1528.213800952', '1628.214218670', '2048.214242598', '2052.214245931']","{'id': 93447, 'description': 'migrationtest01'}"
213795698,2020-12-09T12:26:56+0100,False,True,True,in.c-kds-team-ex-kbc-project-metadata-v2-169543393.tables.csv.gz,https://kbc-sapi-eu-central-1-file-storage-s3filesbucket-1953a0v488q2m.s3.eu-central-1.amazonaws.com/exp-2/2466/table-exports/in/c-kds-team-ex-kbc-project-metadata-v2-169543393/tables/213795694.csv.gzmanifest?X-Amz-Content-Sha256=UNSIGNED-PAYLOAD&X-Amz-Algorithm=AWS4-HMAC-SHA256&X-Amz-Credential=AKIASE4SHFLWSV46UKVS%2F20210120%2Feu-central-1%2Fs3%2Faws4_request&X-Amz-Date=20210120T181601Z&X-Amz-SignedHeaders=host&X-Amz-Expires=3600&X-Amz-Signature=1c201cf7ee67620563067426c4bcdf469dc0ee1e0b42fa9ef495489522b0249d,aws,eu-central-1,1475,['table-export'],2,1526.213793831,"['1526.213793831', '1528.213800952', '1628.214218670', '2048.214242598', '2052.214245931']","{'id': 93447, 'description': 'migrationtest01'}"
213795693,2020-12-09T12:26:54+0100,False,True,True,in.c-kds-team-ex-kbc-project-metadata-v2-169543393.orchestrations-tasks.csv.gz,https://kbc-sapi-eu-central-1-file-storage-s3filesbucket-1953a0v488q2m.s3.eu-central-1.amazonaws.com/exp-2/2466/table-exports/in/c-kds-team-ex-kbc-project-metadata-v2-169543393/orchestrations-tasks/213795690.csv.gzmanifest?X-Amz-Content-Sha256=UNSIGNED-PAYLOAD&X-Amz-Algorithm=AWS4-HMAC-SHA256&X-Amz-Credential=AKIASE4SHFLWSV46UKVS%2F20210120%2Feu-central-1%2Fs3%2Faws4_request&X-Amz-Date=20210120T181601Z&X-Amz-SignedHeaders=host&X-Amz-Expires=3600&X-Amz-Signature=d6324a7335bd99618b3a14f701bb3c27a7ebbf943276f587162580d9168b7a20,aws,eu-central-1,527,['table-export'],2,1526.213793831,"['1526.213793831', '1528.213800952', '1628.214218670', '2048.214242598', '2052.214245931']","{'id': 93447, 'description': 'migrationtest01'}"
213795687,2020-12-09T12:26:52+0100,False,True,True,in.c-kds-team-ex-kbc-project-metadata-v2-169543393.orchestrations-notifications.csv.gz,https://kbc-sapi-eu-central-1-file-storage-s3filesbucket-1953a0v488q2m.s3.eu-central-1.amazonaws.com/exp-2/2466/table-exports/in/c-kds-team-ex-kbc-project-metadata-v2-169543393/orchestrations-notifications/213795682.csv.gzmanifest?X-Amz-Content-Sha256=UNSIGNED-PAYLOAD&X-Amz-Algorithm=AWS4-HMAC-SHA256&X-Amz-Credential=AKIASE4SHFLWSV46UKVS%2F20210120%2Feu-central-1%2Fs3%2Faws4_request&X-Amz-Date=20210120T181601Z&X-Amz-SignedHeaders=host&X-Amz-Expires=3600&X-Amz-Signature=2cc6363762b62639193b8fbb4b51a9000f590dfd152d2c9007fbfea59b778952,aws,eu-central-1,330,['table-export'],2,1526.213793831,"['1526.213793831', '1528.213800952', '1628.214218670', '2048.214242598', '2052.214245931']","{'id': 93447, 'description': 'migrationtest01'}"
213795681,2020-12-09T12:26:50+0100,False,True,True,in.c-kds-team-ex-kbc-project-metadata-v2-169543393.orchestrations.csv.gz,https://kbc-sapi-eu-central-1-file-storage-s3filesbucket-1953a0v488q2m.s3.eu-central-1.amazonaws.com/exp-2/2466/table-exports/in/c-kds-team-ex-kbc-project-metadata-v2-169543393/orchestrations/213795677.csv.gzmanifest?X-Amz-Content-Sha256=UNSIGNED-PAYLOAD&X-Amz-Algorithm=AWS4-HMAC-SHA256&X-Amz-Credential=AKIASE4SHFLWSV46UKVS%2F20210120%2Feu-central-1%2Fs3%2Faws4_request&X-Amz-Date=20210120T181601Z&X-Amz-SignedHeaders=host&X-Amz-Expires=3600&X-Amz-Signature=0b0dab4ed94fb5aae28ac24346a49f9d09db4c5a3dda7a339edfaa03cab90001,aws,eu-central-1,459,['table-export'],2,1526.213793831,"['1526.213793831', '1528.213800952', '1628.214218670', '2048.214242598', '2052.214245931']","{'id': 93447, 'description': 'migrationtest01'}"
213795675,2020-12-09T12:26:47+0100,False,True,True,in.c-kds-team-ex-kbc-project-metadata-v2-169543393.configurations.csv.gz,https://kbc-sapi-eu-central-1-file-storage-s3filesbucket-1953a0v488q2m.s3.eu-central-1.amazonaws.com/exp-2/2466/table-exports/in/c-kds-team-ex-kbc-project-metadata-v2-169543393/configurations/213795670.csv.gzmanifest?X-Amz-Content-Sha256=UNSIGNED-PAYLOAD&X-Amz-Algorithm=AWS4-HMAC-SHA256&X-Amz-Credential=AKIASE4SHFLWSV46UKVS%2F20210120%2Feu-central-1%2Fs3%2Faws4_request&X-Amz-Date=20210120T181601Z&X-Amz-SignedHeaders=host&X-Amz-Expires=3600&X-Amz-Signature=4f86ed5cb89ec9b20fb6a2977e75d12546f74c68b296eb2fadbfd4f81298775a,aws,eu-central-1,1058,['table-export'],2,1526.213793831,"['1526.213793831', '1528.213800952', '1628.214218670', '2048.214242598', '2052.214245931']","{'id': 93447, 'description': 'migrationtest01'}"
213795655,2020-12-09T12:26:42+0100,False,True,True,in.c-main.users.csv.gz,https://kbc-sapi-eu-central-1-file-storage-s3filesbucket-1953a0v488q2m.s3.eu-central-1.amazonaws.com/exp-2/2466/table-exports/in/c-main/users/213795641.csv.gzmanifest?X-Amz-Content-Sha256=UNSIGNED-PAYLOAD&X-Amz-Algorithm=AWS4-HMAC-SHA256&X-Amz-Credential=AKIASE4SHFLWSV46UKVS%2F20210120%2Feu-central-1%2Fs3%2Faws4_request&X-Amz-Date=20210120T181601Z&X-Amz-SignedHeaders=host&X-Amz-Expires=3600&X-Amz-Signature=dcd16dad619335c8d20fb985b60ba1b25d46edbe6b4e8d1d87d5d505dbf1a0d5,aws,eu-central-1,2906184,['table-export'],2,1526.213793831,"['1526.213793831', '1528.213800952', '1628.214218670', '2048.214242598', '2052.214245931']","{'id': 93447, 'description': 'migrationtest01'}"
213795420,2020-12-09T12:25:57+0100,False,True,True,in.c-main.order_items.csv.gz,https://kbc-sapi-eu-central-1-file-storage-s3filesbucket-1953a0v488q2m.s3.eu-central-1.amazonaws.com/exp-2/2466/table-exports/in/c-main/order_items/213795378.csv.gzmanifest?X-Amz-Content-Sha256=UNSIGNED-PAYLOAD&X-Amz-Algorithm=AWS4-HMAC-SHA256&X-Amz-Credential=AKIASE4SHFLWSV46UKVS%2F20210120%2Feu-central-1%2Fs3%2Faws4_request&X-Amz-Date=20210120T181601Z&X-Amz-SignedHeaders=host&X-Amz-Expires=3600&X-Amz-Signature=c6bf3b8ab5888174ecf60211b56253ac9387a107ea7cfe36227b7ba61dee6355,aws,eu-central-1,756232896,['table-export'],2,1526.213793831,"['1526.213793831', '1528.213800952', '1628.214218670', '2048.214242598', '2052.214245931']","{'id': 93447, 'description': 'migrationtest01'}"
213795353,2020-12-09T12:25:39+0100,False,True,True,in.c-main.orders.csv.gz,https://kbc-sapi-eu-central-1-file-storage-s3filesbucket-1953a0v488q2m.s3.eu-central-1.amazonaws.com/exp-2/2466/table-exports/in/c-main/orders/213795327.csv.gzmanifest?X-Amz-Content-Sha256=UNSIGNED-PAYLOAD&X-Amz-Algorithm=AWS4-HMAC-SHA256&X-Amz-Credential=AKIASE4SHFLWSV46UKVS%2F20210120%2Feu-central-1%2Fs3%2Faws4_request&X-Amz-Date=20210120T181601Z&X-Amz-SignedHeaders=host&X-Amz-Expires=3600&X-Amz-Signature=f2d903e3f19d8128ef7cdec183837b1665d8d926a790f5af2a0fe7e8a7faf3a2,aws,eu-central-1,81863905,['table-export'],2,1526.213793831,"['1526.213793831', '1528.213800952', '1628.214218670', '2048.214242598', '2052.214245931']","{'id': 93447, 'description': 'migrationtest01'}"
